title,url,content
"
Re: [閒聊] 爺爺奶奶怕顧孫子比例多嗎
",https://www.ptt.cc//bbs/marriage/M.1670866901.A.433.html,['人玩30分鐘四個就兩小了欸呵呵']
"
Re: [閒聊] 過年不去婆家會不禮貌嗎
",https://www.ptt.cc//bbs/marriage/M.1670868587.A.DF1.html,"['覺得妳先生一定心很累，放過他吧，超時代女性值得', '更好的外星人。', '我會腦補男方其實很想回家吃飯，你不願意就別去各', '自活動其實他忍一忍就習慣了，只是到時候你又不樂', '意', '準備 2 不用揣測他原生家庭的心態 他們沒有義務在乎', '你的感受（你本人才有這樣義務） 3 你沒法使你老公', '不再要求你牲 但你可以拒絕 拒絕多幾次他就知道你的', '底線了 如果知道了還踩說明他不尊重你 你再想想他值', '不值得你繼續', '妳老公這麼唯唯諾諾 我想妳要是很兇 他也會這樣回應', '要不就是直接不回去 妳自己不舒服都這樣膽小了，他', '又不會不舒服，當然選擇息事寧人', '什麼觀察別人反應？社會觀察家嗎？XD 別逗了', '自己的事不會自己解決嗎？直接跟他們說老娘永遠不會', '去你們那邊過年', '家表明，不一定要透過老公。', '不一定是每個人都有辦法當橋樑，當橋就是斷掉了你', '還會堅持要走斷掉的吊橋嗎？', '吃幾小時的飯受盡委屈還要把老公嘴成這樣。不愧是新', '時代女性', '你該圓滿他自認的圓滿，妳之後還能跟這人走多久？還', '願意付出嗎？會對以後婚姻造成什麼影響？如果想的夠', '清楚，或許你會認清之後要走的路！至於長輩的部分，', '直接打電話告知，解決這一回合比較快吧！', '委屈的樣子，強迫老婆一定要去嗎', '不能尊重那也是看清了', '結束的。死腦筋的很可能是你老公自己，他爸媽都還', '不一定會對喪家這麼不禮貌。', '少個人吃飯也只是幾小時的事情，舊時代男性會崩潰', '就是了XDDD', '看看前面粉紅女的po文就知道自助餐天天吃', '有人悲哀到居然拿聘金在嘴，超好笑的', '真心不懂就過年回婆家幾小時到底有多委屈了', '你的人生沒有遇過更委屈的事情嗎？隨時都在作自己？', '婚姻本來就應該互相付出互相配合 還是你的婚姻都不', '老公付出 老公都可以隨時作自己 所以你也想作自己？', '妳的事，何必打壞別人家的和樂。或許公婆不一定會這', '樣，但或許你可以看看推文，有些許心理準備。', '一次性解決是指以後都不回婆家嗎？到底為什麼新時代', '女性死都不願意回婆家阿 如果是你後來說的', '家裡有喪事沒心情回去可以理解 但為什麼結了婚', '家的團圓是蠻委屈的吧', '完全不想跟對方爸媽來往阿 即使國外也不會這樣阿', '部份台女是不是以為外國人結婚就跟爸媽不相往來了', '國外只是不住一起好嗎 一堆節日或是假日邀請爸媽', '來家裡吃飯在國外是很正常的事情', '並沒有什麼本國婚姻特殊現象 本國婚姻特殊現象是', '婚後住婆家 但現在婚後住婆家的人少很多了', '願配合的原因。而是此時此刻/從此以後，你的不願意', '就是一種叛逆/不願意，導致他們無法圓滿，造成他們', '困擾。所以，真別想可以一次解決就是了。', '本身就跟父母關係不好 不要再幻想外國人婚後就不跟', '父母往來了 只是不住一起而已 帶另一半跟自己爸媽', '並不是什麼本國特殊現象', '他們連結到的，跟妳所要溝通的，通常不會是同一條線', '多看幾次推文，妳應該就能懂 QQ', '往往接觸中不被尊重、總是被要求優先配合婆家漸漸', '導致這種情緒。像是這篇原PO前幾年不也都是配合回', '婆家團圓？但在娘家發生驟變的情況下仍不被體諒被', '扣上不回婆家就不禮貌的罪名，不想再配合也是可以', '理解的吧', '快', '不要幻想別人都會逼喪家去吃歡樂團圓飯，國內外都', '沒有', '我也覺得如果至親過世沒心情回家吃飯可以理解', '但看起來原po的意思不單指今年 他想要一次解決', '過年回婆家吃飯的問題 就是以後都不想回去的意思阿', '真的要以後都不回去 我覺得你直接跟對方父母講不要', '透過你老公 你直接跟對方說我不把你們當親人看', '你們對我來說是陌生人 我要老死不想往來 這樣', '家如果能體諒，她以後還是會去。做人就是互相', '至親過世還要人家年夜飯去演好媳婦，不要說家人，', '有把媳婦當人嗎？', '為難彼此呢？放下，好好相處，不好嗎？=》大概是這', '樣吧！', '間縮短，我不認為這次解決了什麼，妳可以好好思考', '接下來每一年妳依然要這樣勉強自己到公婆家過年，妳', '能像婆婆一樣忍一輩子嗎？如果婆家並沒有待妳特別好', '妳們也沒需要婆家的什麼資源，那妳就有底氣妳不去，', '做好黑掉的心理準備，用這樣的底氣跟先生溝通吧，勉', '強自己過得不開心，並不是婚姻的意義', '不會如此狠心吧', '對比男方的行徑跟想法，嗯~~ 好吧！原來這是當男方', '家人的待遇 QQ', '，不行嗎？還是如果拒絕，又是新時代的女性？', '夕', '看上面某些推文 你老公和婆家心裡就是那樣想', '你們家離婆家很遠嗎？不遠只是吃頓飯真的還好吧。。', '。', '說話的方式與手段。', '損及你的利益時，就會提出新世代女性論 XD', '的人都能理解你的心情，如果對方還是堅持希望你去，', '我覺得翻臉完全合情合理', '長輩，而且換個角度跟講法說，也許他們就接受了。', '也可能是老公揣測了長輩想法，提出的要求自認為能夠', '圓滿雙方，反倒造成麻煩，就試試看吧！', '該被尊重，誰不想一家團圓呢？沒道理只有某一方理', '所當然有跟自己家人團聚的權利，另一個人連回原生家', '庭都要看姻親同不同意吧！', '推誰不想一家團圓呢？', '要黑就黑到底，反正婆家現在也知道你不想回去過除', '夕了，乾脆直接自己說了吧', '至於你老公是否可以諒解，那就是妳自己挑的人，如', '有影響婚姻後果自行承擔', '吃頓飯真的不會掉進漩渦中', '假鬼假怪', '年，可以直接跟婆家長輩講（告知，不是徵求同意）', '不想讓長輩一個人過年的心情可以理解', '這實在有點極端 不就過年吃個飯嗎', '因特殊因素不去是ok的 但永遠不願意去就太無情了吧', '，不管男方女方，誰會忍心讓自己長輩一個人過年', '過水無痕當沒發生過，否則就是無情嗎？', '方&男方長輩身上的時候，你們真的覺得沒問題嗎？', '你是現在情緒比較緊繃 覺得不爽想要以後每年都不去', '不過到了明後年 想法可能又不一樣了 好好解決你現在', '的心情 以後就比較容易朝和樂圓滿的方向走 也許可以', '以後年夜飯都分兩梯次的方式進行 今年先解決 另外你', '要有勇氣承擔你拒絕先生後的結果 而你真的不開心', '表現出來讓先生明白強迫你去忽略你心情 你並不會讓', '結果通常是給別人方便別人當隨便，覺得你的感受不重', '1:要幹大事就親力親為，去找你婆家溝通', '2.底氣硬、身段軟，世人多同情弱者。踩穩底線賣慘比', '較會得到妳要的，也滿足對方憐惜弱小的優越感。', '要，以後都不需要考量你的感受了，畢竟人必自重而後', '家庭有和樂氣氛XD 請互相 你也不要踩太死', '不去就不去啊，現在都搞到這麼難看了，難不成去了各', '自的印象就會好嗎？', '人重之，你都不尊重自己的需求了，還期望別人尊重？', '以及推文中的家人論，你公婆老公未必是這樣想，但你', '可以警愓一下，有些人的家庭觀就是建基於眾人的配合', '和委屈上，“給你機會付出是因為把你當家人”，更可', '怕的是加上階級觀念，付出的都小輩長輩都不用委屈，', '這款家庭當客人比較好，當家人只有義務沒有得益', '這篇已經看不懂在說啥，乾脆就婆家娘家都不要回去', '先生爭取到早點回去吃年夜飯???', '我家也是現在只剩爸媽在家，但離家裡最近的二姐，每', '年都帶他們到婆家過年', '的是為什麼在你家發生這個情況的現在，他仍不在意你', '的需求？', '當我確定對方不在意我的需求的時候，我會直接拒絕對', '方的需求，我也不會去跟婆家吵或說明什麼，先有他才', '有婆家，如果我都不想在意他了，就更不會浪費時間在', '他家身上，愛怎麼吵去吵，不需要他爭取什麼，去不去', '本來就是我的個人自由，不需要任何人的同意或許可', '他可以禁止我去他家，但不能強迫我去他家', '我跟我婆婆同時說想出國不想過年拜拜了，因為有長', '假。很拘泥在過節或挑戰彼此價值觀也不是不行，但', '你真正的需求是什麼？你希望那一天要怎麼過', '啦', '生自動幫你打折，因此換來這種半調子的結果，這是你', '要的嗎?不是的話自己去跟公婆爭取，把自己的希望寄', '託在本來就與你願望背道而馳的人身上，得到的不會是', '你想要的結果', '真的煩了，還是送他一紙離婚協議書，我光想到未來的', '人生都要一直為了這種事爭吵，真的沒意思，一勞永逸', '就是離婚了，離婚協議書遞出去，我就覺得輕鬆了，', '雖然沒離成，但我也不用再為這種事爭吵了，他要吵，', '就回他既然我們這麼不合，那就離婚吧，然後就沒什麼', '好吵的', '最能一次解決的方法就是離婚啦！', '娶到你這種女人真的好慘', '建議離婚', '到也無法體諒，對這種婆家往後的應對妳可以趁機好好', '思考一下，但我覺得也沒必要想說一口氣解決，有些長', '輩配偶走了當年度情緒上沒有準備好，但過一年自己也', '會安排跟朋友跟姊妹之類的，甚至解封了出國玩，明年', '也未必就孤拎拎了，你一下油門催到底容易翻車', '我還蠻推yaokut大講的，先不用預設公婆想法，有時候', '堅持傳統或者覺得難開口的是你老公，真正講開了公婆', '反而能體諒，他們自己碰到同齡親友漸漸面臨喪偶之類', '的問題，其實也會討論和思索，想法未必那麼守舊了', '你的需求>他的需求 你想一次性解決? 那只剩離婚 風', '險與報酬是對稱的..你能接受到離婚 我相信絕對會一', '次性解決 不管是真離婚了還是他認同你的需求>他的', '離婚阿 發文幹嘛', '的禮貌。不想委屈就離一離', '好可怕 吃一頓飯幾個小時都不行喔?? 自我意識過剩?', '要嘛你直接去找公婆講 要嘛直接離 才能一勞永逸啦', '老公三節有要跟妳回娘家嗎?時數算好誰都不虧', '飯。在工作應酬慣老板天經地義，在婚姻就要做自已，', '新時代女性快離吧', '！這麼強硬的作法只會損害到自己的婚姻，到最後老', '公就算不離婚對你的愛也會減少。', '張契約綁死？結婚後就是要盡情做自己。', '就是吃個飯而已....', '超無聊...', '你別嫁她妳和樂他家庭也和樂', '婚姻互相配合有這麼委屈？', '吃一頓飯會怎樣這種論調 怎麼不說少吃一頓飯會怎樣', ' 科科', '尾牙也不會逼家人過世的員工去吃啦 公司比婆家還人', '性化', '只看自己想要的...你真的覺得家庭會和樂..', '雙薪的時候就又覺得新時代女性很好了', '心而已', '觀念問題難解，妳如果是從此之後都不想再踏進婆家一', '步，我覺得妳還是放過妳老公好了', '站在老公的角度，往後幾年每次都要被家人問也是很煩', '，如果有小孩了事情也可能更複雜，有夠麻煩，還是離', '婚比較快。', '知道哪個比較傷感情', '真要配合只能穿喪服了', '等等，也許只是老公白目，長輩沒這麼白目阿 orz', '你把底線踩很死對關係跟解決問題沒幫助阿', '重點是你想要以你為主體解決問題還是以關係為主體', '如果不願意尋求各擔一點的解法而只是你想要的解法', '我覺得換一個跟妳有一樣想法的人，會不會容易一點', '另一方撐得住當然OK撐不住也是會回頭反噬你們關係', '如果你真的底線這麼硬別人當然只能建議你另外找了', '不然可以試試看能不能除夕初一在娘家初二初三去婆家', '變單親，不是至親是？', '這樣講好了,以後他爸媽死了,你會出席嗎？', '但原po感覺就沒想解決的樣子 反正就不想去', '不會.那才叫做自己喜歡的事情..', '覺得其他建議都沒什麼用他要的就是他認為的終極解法', '這種事情沒對錯,就每個人的認同不一樣而已..', '人跟人相處,本來就是要志同道合..', '他要的就不是以兼顧這段關係為主體的解法', '今天男方都忍耐聽你的,這也可能只是表面的假象', '要找雙方的折衷點 不是只有自己委屈 另一半也常常', '會委屈自己遷就我啊  這樣想才能互相走得長遠', '一年才幾個小時委屈巴巴 對婚姻的理解淺薄 希望改', '天業力迴力鏢', '這段關係到底有沒有值得你願意跟對方折衷妥協的部分', '其實我蠻擔心很多女生來這個版被主流言論洗腦了', '她看起來就是完全沒有想要退一點的感覺', '這樣到時候受傷的是自己的婚姻生活', '扛原生家庭也沒有這麼簡單互相了解彼此的不舒服', '才有辦法找到折衷的解法  當然沒有要折衷就沒辦法了', '家人過世還要被逼去吃團圓飯 已經很傷了', '不是喔  原po有說這次就算解決了  還有下次', '重點是他有跟她老公有沒有辦法協調溝通', '表示不只是今年的問題  是反正就是不想去', '那這樣雙方就很難找到折衷點', '生中的一部份而已。我媽為了保存婚姻而自己吞，有意', '思嗎？', '看起來就是他底線踩很硬即便老公退讓也不能完全接受', '才有的禮遇？什麼鬼？？？', '兩個人一起生活要完全不委屈像一個人一樣是不可能的', 'ok阿所以才會說這段關係有沒有值得你保護的部分', '『年底家裡辦喪事，剩一個長輩了我沒心情過年，沒', '心情看人歡喜開心過年，另一半還是強迫我去他家演', '戲，是不是要我去演個哭倒長城』 誰不會心冷', '沒這個認知 進入婚姻就會充滿痛苦懊惱', '保護自己跟保護關係本來也就是要想辦法折衷阿', '老公到底退讓了啥', '不是，怎會有人的婚姻關係，是建立在伴侶受委屈，吞', '下去的情況？？？', '那其實真的就離婚就好', '多了，集多一點委屈是可以換獎狀嗎', '過年也可以喬啊  除夕除一想在家  那看初二去婆家', '現在她老公不就是不給喬嗎？XDD', '可以喬喬看', '其實不懂到底為什麼這麼多人執著於做法的對錯', '怎麼搞到後來是提出需求的人=有問題，不願意喬的人', '如果這麼執著於對錯就只能找標準跟你完全一致的對象', '，反倒受委屈？', '完全都不去 跟去初二初三  當然還是後者比較折衷', '她老公就是要她去吃團圓飯+演戲大團圓', '一到婆家出席嗎？」，如果可以喬就不會出現這一篇', '了', '一下子說不講對錯，一下子說女方有問題，那個~傳說', '中的不講對錯，只討論女方該改善的部分，對吧？', '觀念問題', '所以另外一半寧願對方完全不出現 也不願意初二初三?', '一開始男方不給喬，是又被屏蔽了嗎？還是看的文章不', '同？', '這段關係的價值跟你願意配合對方家庭多少 自己權重', '現在是一堆人在跟原po鼓勵完全不要去', '但我覺得雙方總是有折衷點  不用完全極端', '人生不是這樣過的  甚麼事都要走極端 那就很難生活', '這邊把男生罵到臭頭對事情一點幫助都沒有啊', '你怎麼做 最後都會回打倒自己的 不是沒有後果的', '原PO老公爸媽可能反而沒有她老公白目', '目前走極端的是她老公 明知岳家長輩有人過世還要老', '婆去演戲', '男方不給喬=》女方要想辦法喬阿！=》男方仍舊不給喬', '=》女方火大，反正這樣了，以後就各自過=》怎可以放', '大絕，你要努力喬阿！你知不知道你在傷害夫妻感情！', '執著在女方有理男方跟家庭白目只是抒發情緒沒有解題', '呃怎麼解～～', '這句話可能現在就實現了，原PO可能過去就是配合老公', '太多了，已至於連女方剛辦喪事都能沒禮貌的硬要拉女', '公陪自已回去陪家人 只憑本文資訊 就是強逼啊 強逼', '生去除夕。', '配偶配合自己的人比較極端吧', 'GhostShadow 講的正好是原PO過去配合老公太多', '所以迴力鏢就是老公少爺病更嚴重', '一開始不要配合，打回來的機率會比較小，一開始配合', '，現在會變成不願意配合的人有問題 QQ 至於打回來，', '強硬要求的都不怕被打回來，怕啥！XD', '不去也是解題 告知老公自己不去怎麼不是解法了？', '本來就是協調 沒有交集就是 看重關係多一點的人退', '也是啊，夫妻雙方都在做迴力鏢', '沒得退就是解除關係', '如果真的要講怎麼做會打到自己這種迴力鏢', '那對人太好也是呀，對人太好被軟土深掘也是種迴力鏢', '都不被考量了遑論其他', '不就是當初無法接受，仍硬是接受？真要再玩一次嗎？', '重視關係？再惡搞雙方一次，然後，哪天無法接受，再', '一次爆炸？玩真大！', '不需要一直拿家人的事情來講', '反而讓人猜想過去是多麼養尊處優、被原PO寵壞了才能', '產生這麼沒有人性的想法。', '兒不來婆家吃飯婆家就會爆炸嗎?重點是妳為什麼還要', '有執念強求跟這個男人的婚姻吧。選擇當受害人最簡', '單，第一次抱怨還會有人同情鼓勵妳，到第二第三次', '時只會被說妳活該誰叫妳要執著不走人。別把自己當', '小說悲劇女主角好嗎，已經2022不興那一套了。', '原PO的回力鏢就是面臨過去太過配合老公、寵老公才養', '出一個沒人性怪獸。', '這次事件只是一個引線而已 以後就算沒有事件也一樣', '一，才導致女方心寒好嗎？並不是一開始女方就踩很', '硬一整個過年不出現(女方第一篇文重點都在除夕初一', '，甚至沒提初二以後的安排會不會去婆家……', '現在是演到沒有前因，突然出現後果嗎？', '直接跳過欸 超沒同理心太讓人驚嘆了', '但她不能受男方只是因為事件才退讓阿', '前因不重要，即使沒有這個前因，以後肯定有其他部分', '，導致出現後果的？', '原原po 如果踩很硬可能就要有第二隻迴力鏢了', '寵到老公都沒有基本人性了', '好可怕', '不是阿 執著於對錯的話 就說男生錯 另外去找就好了', '說真的老公爸媽可能都還沒這麼冷血', '重點是你有沒有以維持關係為前提阿', '沒有人執著於對錯吧', '如果沒有以維持關係為前提  那沒有什麼好討論的啦', '了', '上面不就執著於男方沒有同理心', '的。認清，才會知道自己該怎麼做。', '男方跟男方家庭確實有些問題但所以呢要維持還是不要', '自欺欺人的騙自己，反倒會陷入另一種撕裂狀態', '都是一片版友推離婚。其二是人是可以改善的，這回教', '會老公給他上一課，他可以7PUPU，也可以自省，成為', '不要維持always可以解決當前這個問題啊', '有常識的人。離婚是選項，但不需要還沒溝通，給別人', '正的機會就離。一上來就叫人離，是看不起男方沒學習', '能力嗎？', '找到兩邊都可以接受的解法', '養成沒人性的怪獸。', '公審只是用其他人的底線去丈量彼此', '或許不是最適當的溝通，但不會到沒有溝通，只是可能', '雙方思考的語言不通，難有共識。', '重點是你們兩個各自的底線而不是路人甚是大眾的底線', '她婆婆至親過世時老公兒子也沒有要分擔過年事務，', '所以他們還真的不一定會體諒她，但還是直接告知公', '婆會比較好吧或許公婆反而會因為怕被觸霉頭而婉轉', '叫她不要去婆家。', '他們的家庭和樂跟你沒關係，正如你的快樂、是否樂意', '也不能綁 許多事註定不會人人接受 劃好界線了解甚麼', '跟他們無關，你不想去就不要去，你既然這麼不想跟公', '婆做朋友，那就直接拒絕，每年都拒絕就好，真的不難', '，至於如何說服你老公接納包容你，那就看你的本事囉', '，只是依照做人互相的道理，你常常不在乎對方的感受', '，多次久了之後，對方也不會在乎你的感受', '是自已的權利甚麼是別人的權利自己無權干涉比較重要', '的姿態。', '這就是婚姻阿', '就算原PO選擇忍讓，也不代表她老公對，更不需要指責', '受害者不夠配合。以前女人工作能力低，被家暴也只能', '忍，這是現實考量，不代表不忍家暴的女人要被指責', '養成沒人性的怪獸。', '很多人沒同理心其實就是養尊處優慣了、或事事被人讓', '習慣了，遇到各種情況都不懂轉彎。', '沒有人要論對錯，這次的事情老公也可以學習增加基本', '同理心，而且公婆也不見得那麼沒人性。', '跟老公意見不合要爭取任何事，或意圖改變老公，都考', '量一下爭取失敗的後果跟是否還有要這段婚姻。這現實', '問題，我認同原po自己要想清楚。', '但不要把眾人的標準跟底線加入想要當作籌碼', '別人的標準主要是幫助你認清自己的不舒服是不是錯覺', '一這種事頂多就兩次，這次是第一次，忍過去後頂多', '再忍一次就不會再遇到這種情況，就像妳婆婆那樣。', '而且人生無常或許妳根本沒有機會再忍一次。妳要巴', '著這種人不放就是要付出代價。', '忍，家人不一定有要她當時至親過世還要強顏歡笑裝', '歡樂玩成一片那樣。', '只是被讓慣的人當然就蠻神經大條的也沒注意到。', '我自己生活中其實還蠻怕那種自己很愛忍的，在我旁', '邊默默的忍耐我都知道的那種，寧可有話直說。', '，就算是很傳統的男方長輩通常也不會硬逼，真的過', '度傳統的害怕觸霉頭，搞不好很單純就結束了。', '趕快離婚 拋棄「婚姻」這種傳統關係的束縛了吧', '找一個父母雙亡的嫁不行嗎', '快點去宣揚破四舊吧 不要過任何傳統節日了', '勸妳離婚或嫁給外國人  離  給我離！', '為什麼當初不找可以不用回婆家過年的對象結婚？', '男的怕碰到這種問題，也可以找個父母雙亡的結婚喔', '跟他原生家庭之間？', '你婆家一定是怪在你身上的吧 他們一定覺得妳先生只', '是代為傳話而已', '為什麼不去跟公婆講這段話？不敢講就吞下去乖乖回婆', '家吃飯啊', '用每年回，如果家裡子女子孫多房間又不夠。', '連日本那種在台灣傳說中很大男人的國家，都不用每年', '回去...', '你革命辛苦了，加油。', '美國人可是感恩節聖誕節，都是買超級昂貴的飛機票，', '全家回家過節喔！不坐飛機也肯定會開車回家聚餐的。', '18歲只是覺得你該獨立，出去自己住自己養活自己，', '並不代表就可以跟家人切八段不相往來', '如果是那還真爛XD', '模式的阿，有點轉移焦點了', '生兒子，勢必得輪流過節，不可能連續假期每年都只回', '男方家，也不可能其中分配幾天去誰家，因為地方大', '機票又貴，只回男方家對只有女兒的家庭太不公平了。', '，生了就自以為勝利組，沒同理心，因此現在還是很多', '不肯妥協的老一輩只能說是正常現象，就既得利益者。', '兒性比的問題有改善但還沒完全穩定，隔壁板才一篇', '說要參加朋友的胎兒性別公開派對。在日本醫師禁止告', '知性別已經幾十年了，革命尚未成功，請各位台女姊妹', '們多多支持。', '歐美日本還有在冠夫性的，台灣已經絕跡了吧', '只挑有利的講又要怪人嘴女權自助餐', '但中國的男女嬰出生比例(尤其二胎後)非常驚人。所以', '應該是父母有性別偏好的國家禁止告知胎兒性別，沒有', '偏好的國家才沒有需要禁止才對XD', '找來吃飯就是沒人性，這帽子扣的真大呀', '此話一出，誰敢要妳來呀。都這麼委屈幹嘛呢', '一邊一年也是我自己跟公婆提的，公婆就擺臭臉不同意', '，我就跟他們說：我也有家人，也需要團聚。如果不同', '意那就我跟老公各自回家過年。', '即使結婚，我們還是獨立的個體。我們自己有拒絕的', '能力。', '的心情 並擋住夫家的壓力讓老婆回家陪伴剩下的長輩', ' 我想 未來太太應該會很願意陪伴老公回夫家（畢竟', '之前也沒有排斥）', '我跟你回家很委屈，你跟我回家應該要很開心', '你們結婚有聘金嗎', '但對婚姻關係更長遠的影響也是會有的', '有「影響」會怎樣嗎？事情都還在發生中呢', '沒有說好壞只是提醒會有影響而已  想清楚就好了', '頭鐵一條路走到死 人生真的都是""自己的選擇"" (攤手)', '對你的隱忍毫無知覺的時候', '忍久了感情也磨光了', '這件事你真的在意，就好好說，值得的另一半就會好', '好聽，你們再一起想辦法', '這樣的人性啊...', '就說公司聚餐都沒這麼殘忍的，到底是誰沒社會化', '我比較好奇,你是怎麼看待另一半的家人??', '將到來的這個過年所有的言行都有影響啊', '對 我就問明明做任何事都會有影響 特地提醒甚至暗', '示這個「影響」的出現 是以為別人都不會思考嗎XD', '男方觀念有問題我同意阿', '這跟選擇跳過另一半處理問題又沒有關係', '只是要表達這樣終究沒有解決你們之間的問題而已', '老婆得不到正向回應會有影響，老公拒絕後會有影響，', '公婆認定媳婦就是要回婆家過年會有影響（此為臆測）', '，老婆決定直接跟公婆表態會有影響，老婆轉念也會有', '影響，老婆妥協也會有影響，所以到底要講什麼影響？', '直白點講，不好嗎？', '影響啊，所以是句阿媽是女人的廢話XD', '，不就很直白嗎？', '要不要回公婆家 直接跟公婆講 稱不上什麼跳過另一半', '處理問題吧', '你跟婆家又不會只有這次一件事', '然後y你太直接了 別再戳了XD', '天才曉得流程到底要怎樣，才不會有影響（攤手', '她跟公婆有沒有之後的事 不也是之後遇到再說嗎？', '到底想表達什麼要不要直接講出來 何苦這麼迂迴扭捏', '也許公婆是被自己兒子黑的阿！幹嘛臆測問題會很多？', '一次離一離比較快啦，囉哩八嗦一堆毛', '會對夫婦關係有壞影響', '所以到底流程要怎樣，才不會有「影響」？', 'G大，看他一直在那邊明示又暗示，被說出來又覺得別', '人臆測，看了很煩阿！QQ', '搞半天… 直說「你踰矩直接聯絡婆婆會讓夫妻關係不', '好！」不就好了 陰陽怪氣的在那邊影響論做啥呢XD', '我甚至沒有說出踰矩這種說法', '跳過對方本來就沒有解決你跟對方溝通的問題', '會用「跳過另一半」來形容自己牽涉其中的事 本身邏', '輯就已經矛盾了辣', '跟先生的問題要解決 要不要回家過節的問題也要解決', '啊 人又不是一次只能做一件事XD', '跟伴侶溝通是一件事，跟公婆表態是另一件事，也沒說', '跟公婆表態是為了解決跟伴侶的溝通吧？', '又怎麼知道跟公婆達到共識，無法解決跟伴侶的溝通（', '奇檬子）問題呢？', 'y大講到點上了 我就不解為何兩件事要混為一談', '也許被長輩安撫後，也就冷靜下來，能跟先生溝通', '為什麼只有一條路可以走？只有一個可能性？', '要考量的層面是不同的 沒有說只有一個做法', '就只是提醒一下兩種做法結果會有差  想清楚就好了啊', '奇怪了  我從頭到尾都沒說哪一個做法好壞', '正面處理遇到的問題跟後果就是他現在這樣了阿', '只是想說另外一條路不是完美的  要想清楚而已啊', '醒這種常識的地步？', '你覺得我特意提醒別有用心就這樣覺得吧', '既然不必追求完美，幹嘛要特別提及哪一條路不完美？', '又有什麼路可以保證沒問題嗎？既然要處理的不只一件', '事，為何不能同時進行，或者換個方式處理？', '我是不覺得這有道常識的地步啦', '如果是要戰這個提醒別有用心意有所指 那就隨意了', '根本已經脫離原本的討論了', '雙方都不改變,協調不成,可以離婚了', '離婚', '好啦好啦，你是爸媽心肝寶貝你最棒', '你好像很喜歡幫人家定義 本國婚姻特殊現象 他家沒', '有愛與珍惜 其實都是你自己的想法吧', '你有想法固然很好 那就自己付諸行動 爭取自己權利', '同樣先生覺得難為那就不關你的事了', '畢竟先生的為難不能影響到你的快樂是吧', '有困難可以跟先生或婆家溝通 一邊酸言酸語一邊說著', '和樂家庭也太衝突了', '離婚一勞永逸啊', '年菜就直接訂餐廳的整桌外帶或是乾脆邀請妳另一位', '長輩一起去餐廳吃年夜飯。這個年紀了還怕他們生氣', '，拜託真的不要生孩子。', '你老公都沒有覺得他媽一個人煮飯很累?? 那你幹嘛替', '他擔心?? 如果老公覺得媽媽煮的累可以提議外食或外', '帶年菜，或是去幫忙煮吧，問題根本不在婆家是你挑對', '像的眼光', '好奇一下,你那邊的長輩離開,你先生有沒有陪你出席??', '是要來婆家跟公婆吃年夜飯才是一家完整團圓!」就好', '好避孕別再養出有這種想法或是服從這種想法的人。', '然後妳愛怎麼跟他糾纏演悲劇主角就是妳自己的事了', '。', '蠻怪的，直接等到要吃飯了再到還比較好一些，或者乾', '脆就別幫忙。而且可以除夕當天一餐在娘家一餐在婆家', '啊，蠻折衷的吧', '所以代表你們夫妻對夫妻代表的認知（如要不要同進同', '出）就不太一樣了啊！這沒有對錯，只是認知相不相同', '的問題。', '就是了？', '在他家一起吃。因為是「團圓飯」，至於別人家長輩', '有沒有人陪團圓飯，不是他的考量，自己家有就好', '之前我姐會在婆家吃完飯就直接回娘家繼續吃下一攤（', '對，同一餐XD）不過她婆家是都很早就吃，而且吃完直', '接鳥獸散所以沒啥需要協調的就是。妳可以參考看看這', '做法，協調一下時間試試', '昨天不是有傳line 給婆婆?婆婆也明知道妳剛喪親甚', '至百日是元宵那時也一樣強迫妳過年要去婆家陪侍嗎?', '那小夫妻自己吃年夜飯就算圓滿囉', '感覺起來,你先生就是覺得夫妻應該是要同進同出的想', '法,面對傳統可能女方不利的點,也試著做一些事。', '可是我很好奇原PO你認同夫妻要同進同出的想法嗎??', '那如果這次夫妻一起陪剛喪偶的岳母(與剛喪父的妳)', '吃除夕年夜飯呢?這樣也不完整嗎?一生就這麼一次喔', '。畢竟將來令堂也走後妳也不會再遇到這種過年想陪', '自己長輩的情況。', '是他，也會讓自己媽媽一個人嗎？', '你老公這樣問岳母也太傻眼', '完全可以理解為什麼會氣到往後都不想去', '婆家過除夕耶', '毫無同理心的這樣問丈母娘，要我會直接翻臉', '堂。想要彈性並不是自私，每個人都會有有狀況的時候', '強迫別人配合自己儀式感的人才是自私。', '你婆婆有回覆你簡訊嗎？你考量婆婆一個人忙進忙出', '願意去煮飯，你老公卻這樣問岳母好失禮，禮貌都拿', '來要求別人，自己是什麼德性。好想問他家是不是有', '逼迫喪家跟他們吃團圓飯的習俗？？？', '如客氣邀約岳母一起過之類的。只要自家好就好。媳', '婦結婚了不代表爸媽就換人了', '妳心中也比妳媽更需要妳呢，難怪妳被他家看不起', '娘家？', '以我的經驗,女婿也是家祭裡常看到的身份。當然每個', '人的經驗不同,這個又回到了對""夫妻要不要同進同出""', '的認知了。', '這個就讓人開始好奇什麼是""一次性的解決""。', '我也曾看過那種真的結婚就是兩個人的事,跟對方家人', '無關,不過真的很少數就是了,但好像也過的不錯。', ' 一起去娘家也是不可能的選項 踩的很硬：老婆如果沒', '去吃除夕團圓飯就是羞辱公婆', '這沒有好壞,只有雙方認知一不一樣,我也不知道那樣子', '的夫妻是一開始就選擇認知相同的人? 亦或著後來才受', '對方影響變成相同認知的人?', '這已經是基本人性關懷的問題了', '，是很本末倒置的事情…', '還是說為了追求同進出，所以這樣問岳母暗示她女兒這', '樣造成他的困擾？禮數不夠？', '當然他先生那樣問是不體啊! 但以樓上幾層的經驗,有', '多少人至親的家祭是要求另一半不要出席的?', '所以我說癥結還是對""夫妻""認知的看法啊!', '不然到底什麼是""一次性的解決""??', '不體=不得體,少打一個字。', '常堅固的既定畫面不能接受任何改變', '妻一體只是假議題', '同進同出去娘家過除夕是不可能的', '那原PO希望能改成什麼樣的模式?除夕在家初二回婆家?', '夫妻自己過 夫妻陪岳母過都不是一體，夫妻跟公婆過', '才是一體', '""我想要一口氣一次性解決""<---我看到的', '她爸也就只能死這一次而已，她爸過世後的第一個新', '年也就這一次而已，而且元宵百日代表喪事是很近期', '的事但他滿腦子只有一定要太太除夕去婆家陪侍才行', '這個念頭', '我一直搞不懂,什麼是""一次性的解決""。', '烈吧。', '以今年的情況,我覺得他先生真的不對啦,陪太太一起在', '娘家除夕也可以,只是家祭都要求不要出席了,或許先生', '也可能無法繼續了啊 連羞辱二字都說出來了', '要陪她願不願意我們也不知道。', '不過她自己後來也覺得婆婆比媽媽更需要她啦...', '現在問題到底是什麼？一次性解決？同進出？有各自想', '法堅持不退讓？男方被羞辱？男方不得體而已？XDD', '男方很需要老婆陪？很想做個好女婿的本份？看不懂到', '底要討論什麼了。', '那就別討論了啊... 呵呵~ 每家不一樣嘛!', '我說過啊,也看過各陪各的媽的,也過得不錯,但真的不', '多就是了。', '看推文補充好像有孩子?如果是兒子的話可能將來她公', '婆跟她夫妻和兒子五人一起教訓喪親的媳婦說不管她', '家死了誰，新年不去婆家就是羞辱婆家，因為嫁進他', '家的女人都是這樣過來的。', '應該可能是說至親的家祭,另一半不用跟著一起出席吧?', '其實我不覺得原PO有錯或有問題,今年的狀況,真的她老', '公的問題比較大。但我真的覺得認夫妻認知的差異太大', '搞不好你聲淚俱下的跟婆婆溝通還比較有用，看起來', '感情不差，你還很替她考量', '感情會慢慢被這些瑣事消磨殆盡。', '生產之類 處理不好真的太傷', '且不時流淚，在廚房哭，在餐桌上更要哭，看能不能', '激起對方一點點良心，如果照樣陪笑陪侍就會讓他們', '更堅信妳喪父只是小事這次過年妳還是應該要待在婆', '家的想法', '嬰只是假議題，要做的只是除夕一定要在婆家，否則', '連體去娘家過也可以呀（但原PO沒綁架隊友去娘家）', '之以情看看', '喪父後原po老公各種行為...他真的很棒，竟然還娶的', '到老婆', '婆家都不管原po喪父，原po幹嗎還管婆家過年？', '沒義務等待婆家同意', '其實仔細的想想,一開始的可能性就只有三種:去,不去,', '吵完之後還是去了,最後會選哪種呢??', '圓飯”。要說他錯其實也沒有，大部份的家庭都這樣。', '他錯的是不顧老婆剛喪父也要按照他的規矩來。一次性', '解決的意思應該是從此之後除夕她要在哪裡她決定吧。', '倒是原po目前的底線我一直看不懂，到底是吃一下飯就', '好還是幫煮飯但不吃？不吃的話是留在現場但不吃嗎？', '可是這樣不就花更多時間在婆家了嗎？先確認好底線，', '再去跟老公談。只是老公沒同理心成這樣真的很爛。', '樓上annie大,我才被糾正除夕在婆家吃團圓飯不是大部', '份人的傳統 = =', '不過如果單純就損害控制的角度來看,去,不去,吵完之', '後還是去了,哪個傷害比較小? 反正看起來都會消磨...', '欸,吵完之後還是不去也是一個可能耶...', '夫妻也比以前多，的確相較以前，陪同婆家過除夕不是', '唯一選項了。', '我身邊大多還是這樣，除非長輩過世了。別來罵我，只', '是陳述事實，不代表我認同', '因為我提出我姐的作法，兩邊都吃而且是同一餐，她說', '覺得很不錯啊', '可憐的丈夫', '看你的陳述,你也受到你原生家庭很大的影響。', '只能說,古代人說婚姻要找門當戶對還蠻有道理的。', '成長背景類似的觀念在融合上會相對比較容易吧??', '*從 一開始的有必要VS無必要過年時去婆家，演變成老', '公不尊重老婆意願硬要她做不干願的事，以及情緒和伴', '伴的一舉一動緊密相扣的次生災難。要說不尊重人和情', '緒巨嬰是一種“觀念”或者“家庭影響”，就只是“我', '就爛但我不想改”的擺爛說法而已。原PO的解決不是找', '成長背景類似的人，因為就算家裏大人都老害孩子還是', '可能懂得尊重人，原PO要找的是懂得尊重人和不會將緒', '*情緒依附在他人身上，懂得處理情緒的成熟人', '然的，且無感。就只是基本的尊重，不要越扯越遠。', '如果站在個體的立場,當然就像你們說的,沒錯。', '但看起來她先生就是覺得夫妻要同進出,那如果像原PO', '一開始說的,站在她先生的立場,也是要妥協啊。', '如果一開始就找覺得夫妻就真的只是兩個人,不牽涉到', '對方家人家庭的,相對就簡單多了,我也說了看過這樣的', '也挺好的,但真的不多。', '最重要的是,把可能方案列出來,選一個相對比較好的啊', '到這麼極端大部分也是講個彈性', '這我認同,但雙方觀念不同時,就一定會有妥協。看得出', '來原PO先生也有在往妥協的方向走,一個可行的方案。', '所以原PO也不一定是不願和配偶家人拉關係。一個不再', '打人的家暴犯不是妥協，而是收歛。我認為尊重是婚姻', '的基本要素，就跟不能家暴一樣，不能以價值觀帶過。', '（想起那張6和9的網絡圖XD）', '兩個人的觀念不同時,以誰的為主才叫尊重??', '尊重每人的領域。原PO可以控制自己出席與否，不能控', '制老公回自己家。原PO的家際請不請老公也是原PO決定', '自行出現有夠阿雜。其實想像一下你跟同事的關係就', '能理解了，夫妻間更多愛不應該伴隨著更少尊重', '問題是老公的觀念就是把老婆也包含在裡面啊,老公的', '想法就是把夫妻都包在一起了啊。', '所以說他是巨嬰啊......你以為是玩SIMS可以操控家庭', '裏所有人喔', '不是強逼別人做不願意做的事啊,他老公應該不會去強', '逼另外的人,只因為對夫妻的認知,所以覺得夫妻一定有', '些要怎樣。對不對可以討論,但沒必要動不動就扣人帽', '子啊。', '因為是夫妻就不算強逼嗎？', '你不要亂解釋我的話啊,那是他老公覺得夫妻應該是怎', '樣啊。', '這個有對錯嗎? 我不知道。我只會找相對好的方案。', '一開始就說自己不論對錯只找方案就好了嗎，幹嘛評論', '很多東西,討論之後,還是沒有絕對的對錯啊! 只是經由', '討論,會出現一個相對可行或著比較好的方案。', '原PO和老公都受原生家庭影響？你將兩件事當做一件', 'equivalant，已經有了對錯判斷了（兩個都對或不丑^', '哈哈,不要針對我嘛,怕怕的....  = =', '*不對。如果案例是家暴你大概不會講觀念不同啦。', '這跟家暴有什麼關係? 黑人問號....', '家暴是對錯問題不是觀念問題。你也可以試著論證夫婦', '合體的概念是對的。我們剛在討論的不就是這個概念有', 'b大，要詮釋原波老公的想法不容易呀，畢竟滿多可議', '之處的，很容易被人誤會是你自己想法。', '對錯之分，所謂沒有對錯只是和稀泥嗎', '犧牲），自然就會出現這種質問岳母的情況了 QQ', '，問題就很大。現在到底要討論的是什麼觀念都可以，', '還是他也不是故意的？XDD', '剛利用下課前的小小時間,做了調查,年夜飯小家庭自己', '吃的有6個,阿公阿嬤家吃的有14個,外公外婆家有1個', '母體很小,只是剩下的時間也沒法再上一題,就調查一下', '如果說到各陪各的媽,其實下一代支持度好像蠻高的。', '社會型態不一樣了嘛', '是啊,如果20年後ptt還在,這個版不少變成婆婆,是否想', '法會跟現在一樣?', '在自己小家庭過年的？不然為何要特別提出等過二十年', '後，看看當婆婆後，是否會一樣想法？', '就算現在有人說「會」，也是信者恆信，不信者恆不信', '啊，對得起自己內心就好。', '我生兩個兒子，目前是希望他們都給我滾出去（喂）', '我是一男一女啦,現在都跟孩子說,我沒法改變上一代的', '想法,但以後他們就約一天回來就好,不然像有的人說的', '永遠都聚不到。甚至我也說可以一起出遊的型式,我包', '吃包住,另一半跟小孩來不來都可以,環著台灣玩幾天,', '在人生的晚期,可以回味現在帶著他們在做的事...', '不過我老婆怎麼想我就不知道了,有時光是聊到兒子交', '女朋友的話題,就變得有點...  嗯嗯...', '但是現在真的都生得少，我爸媽也只生兩個女兒，現在', '只生一個的更多，所以我以後是不會要求要綁定啦。應', '該說，拘泥於一定要在除夕團圓對我來說沒必要，平常', '也能一起吃飯啊～', 'annie大的想法又比我更高了,小弟佩服', '因為我平常都是想去娘家就去，離很近啦，離很遠或許', '就不會這麼豁達（？）', '搞不好，還要被用傳統壓，得常回婆家~ XD', '以後小孩不結婚或是同性婚姻都有可能，還被傳統困', '住的人會很崩潰吧', '有你這種老婆真的很可憐', '，不然同進同出也可去娘家過除夕怎麼不說？），可', '是為了自己的觀念而強迫別人follow，甚至問了喪家', '那種問題，就是沒同理心且又不尊重人，加上白目', '婆家觀念：同進同出為假，媳婦除夕要在婆家為真', '遇到這種極品上輩子不知道殺多少人', '有些人在嘴去婆家吃飯很委屈，當你自己遇到委屈的', '事情的時候，或許別人也覺得你的事不委屈啊，沒同理', '心的講話都特別大聲']"
"
Re: [閒聊] 爺爺奶奶怕顧孫子比例多嗎
",https://www.ptt.cc//bbs/marriage/M.1670893245.A.5C4.html,"['，但是感覺有一定體力跟不上。', '孫子約40歲就來了，這個年紀顧孫子其實還好。', '現在約60歲才要顧孫子，體力差了十萬八千里', '阿嬤差很多的', '尊重每人自己的領域。原PO可以控制自己出席，不可以', '控制老公。就跟伴侶一人想做愛一人不想，最後做了就', '是強姦啊重難日木']"
"
Re: [閒聊] 過年不去婆家會不禮貌嗎
",https://www.ptt.cc//bbs/marriage/M.1670894153.A.E38.html,"['嗆聲固然爽快，但不一定能讓對方理性地思考問題，你', '自己都不理性了，對方也會情緒化', '只會激化問題，倒不如先過完這個年，看看大家反應再', '說', '互動的協調，需要耗費的時間跟精神更多。', '這時候提出要一次到位，多半會被認為是情緒化，反倒', '造成後續溝通的麻煩。', '喜歡硬幹到底。', '難就是你自已的問題了啊，問我咧', '早晚要離婚 何必拖檯錢 過年前手續辦一辦啦', '的', '實際', '的最大，就看另一半到婚姻存亡關頭選擇什麼而已。', '我覺得平常會吵的都還算好了，默默忍受到突然有一', '天什麼都不要的才難搞。', '解決', '老家就是女孩要負責節日家事男孩要只要享受 長大了', '看清了死都不回家過節', '長輩一個人獨自過年？就說原原po家裡有長輩過世。', '喔，忘了，因為台男都是既得利益者，怎樣過年都可', '以回自己家，難怪', '原po不想這樣就慢慢來', '別人著想」', '不能接受，他們只能接受別人家的獨自過年', '吃個飯幾個小時也要被放大成既得利益者，又不是不回', '娘家，難怪台男不敢結婚了', '會替別人著想」才對，倘若不幸遇到，知道怎麼應對了', '吧！', '這些台男不論是不敢還是不想 總之不結婚很好啊', '還在幻想別人得了妳什麼好處了', '就是這樣了，中途大改變只會讓人覺得在鬧情緒。', '原ok其實今年直接大方昭告喪家沒有要過年就沒事了，', '不需要想啥一次解決。', '只是一頓飯', '沒什麼利益那人家不去跳腳個屁', '？', '覺得別人的配合都是別人的相讓、甚至犧牲而來。', '文中那個老公的後續反應。', '其實別人配合你，都並不是那麼理所當然。', '徹底表現人家配合我都應該的觀念 配合別人一次就7p', 'upu的', '只好推這篇溫水煮青蛙了', '婚不是很好嗎', '找老婆回家吃飯但老婆不能拒絕否則氣噗噗', '且台男死不回答自己是否可以接受自家長輩一個人在', '家過年，只迴圈就吃個飯而已不然離婚。不過就吃個', '飯而已有這麼嚴重嗎也可以對婆家講呀', '要說別人有什麼利益又覺得好委屈。離婚不是很棒嗎', '都說了吃個飯幾個小時，又不是不回娘家陪過年，還要', '選擇性略過', '還是不回答', '除夕夜是否可以接受自家長輩獨自一個人在家', '去吃幾小時，這老公真的沒問題？', '代女性嗎？', '還是進化到任意門都出現了？不必有車程時間，不必東', '奔西跑？@@a', '過年不只有除夕夜，明年年假很長的，喬好就好，不要', '委屈自已了', '婆回家交代的吧？誰都可以，只要乖巧聽話，沒有情緒', '就好！XD', '我不會把先生或婆家看成""既得利益者""..人是互相的', '過年不只有除夕夜，但除夕夜一定要在男方家+1 XD', '去吃團圓飯 哈哈', '喔！', '一步慢慢的溫水煮青蛙。推本篇大智慧。', '都去，但每人情況距離不同。無法套用。除夕不在婆家', '也可接受，重點只有互相', '人家除夕也沒有要你陪回娘家，只是各自回自己家。', '媳婦也沒有想要讓你家長輩自己一個人過。這就是差', '別。各自回去孝順父母', '這篇原PO的先生就是完全不肯喬除夕啊，不然是以為', '在吵什麼？', '人過世', '哈', '」寬限幾個小時，然後說女方不互相？？？到底在演哪', '一齣啦？口味有沒有必要這麼重啊？', '是否有互相我也問原PO，做女婿的在家人過世是否有盡', '到做女婿的禮貌。原PO沒回', '至少老人家要發紅包收紅包是慣例吧', '喔逼家人過世的人一定要去吃團圓飯就很有禮貌嗎', '解決」嗎？她另一個長輩還在呢，不用顧及那位還健在', '說穿了以前完全不會思考這個問題', '的長輩嗎？', '就夫妻不能一起出現男方很難交待，尤其是男方兄弟', '姐妹都沒這個問題自己有更難解釋', '者了', '沒讀懂。', '性', '妳才不懂,妳全家都不懂。哈哈', '聽嗎？', '不會，結婚頭幾年我不敢這麼說，但目前我全家都懂得', '互相體諒，回不回婆家娘家、要不要參加各種聚會，都', '是詢問並尊重另一半選擇的。', '人也是慘慘的', '會不會跳腳。不會跳腳的表示什麼方式都沒差，越會跳', '腳的表示非常在乎過去別人配合你所帶給你的好處。', '得到利益的人往往不會覺得自己佔了什麼便宜很常見，', '但當無法繼續佔這個便宜時就變臉、反對、跳腳，那就', '很明顯是之前真的有佔到便宜、好處呀。', '不是自己講沒有就沒有，如果之前沒佔到好處，那幹嘛', '好處沒了反應就那麼大。', '維持現狀對誰最有利，看失去時誰最7PUPU就知道惹', '是wgd選項嗎?', '餐', '好噁喔，某些台男推文', '有已婚婦女都冠夫姓', '真的不要以為國外的女權比較盛行', '解，還沒結婚的請眼睛放亮，婚姻不需要這麼辛苦，', '找個一開始就懂互相與體貼的男人嫁，日子會輕鬆很', '多。', '吃也沒這麼憤概呀。 哈哈', '益者阿', '你跟岳家吃10次飯，那你老婆有規定某天一定要吃，', '不管你那天身體如何情緒如何有沒有其他很重要的事', '情要辦，不是那天吃就不禮貌嗎？沒有的話狀況就不', '一樣', '管我那天情緒如何呀，想太多了。哇，那我老婆變既得', '利益者了耶。', '之前都好好的可以配合，這次怎麼不行，參加一次有這', '麼難嗎？', '那就算得上既得利益者了。', '冠上個既得利益者的帽子呢', '一個不覺得配偶陪回家吃飯是應有義務的人，又怎麼會', '為這種事生氣吵架呢XD', '不管你家有人過世還是車禍腳斷都會欣然赴約是吧 凹', '到這份上辛苦你了', '？', '們也不知道老公曾做過什麼努力所以氣憤 。目前的資', '訊都太少了', '讓眾多新時代女性反射出自已的狀況補上各種劇情真是', '辛苦了', '所以樓上是舊時代男性', '像我這種除夕到初三都開心待在婆家的，可擔當不起', '新時代女性之名啊XD', '當然對石器時代的人來說我應該還是很新時代就是了', '語權，只能順著婆家的阿？', '把自己搞得這麼累，一個出社會的成年人，長這麼大還', '需要配偶教育才開始學什麼是體諒和互相，也不是什麼', '良選。', '不錯XD 而且他得意的時候就盡量誇他 會開心去做的', '女人呢', '這不是劇情阿 不就是換位思考而已', '用""調教""這詞的最後都會離婚，又不是在養狗', '只是單純另一方願意退讓願意做而已', '必引來眾新時代女性圍剿', '跟一個只想要人家妥協她的建議這麼多有什麼用？', '原po夫家就是把婆婆調教成功，現在想調教媳婦沒想到', '媳婦不願意退讓了', 'XD', '棒', '不就是老公在為難原po嗎 既得利益者嘴臉真難看', '們何苦為難下一代女性 爽都父權男在爽 責任撇得一乾', '二淨', '女性卻連想要基本的權利都要長期抗戰', '既得利益還是夾心餅乾要分清楚呀', '等啊。你在岳家吃飯是當客人，老婆在婆家吃飯是傭人', '耶', '被害妄想症嗎，我老婆回我家誰會當她佣人呀', '耶', '之前過年，嫂嫂被刁難後不願意再煮，公公就跑來要求', '我煮...我就跟他說：媳婦本來就沒有義務煮，我們只', '是陪老公回家作客', '然後公公還是要求我煮飯和拜拜，我就當他的面全部叫', '老公去做。結果公公心疼兒子就全部自己做', '所謂既得利益是指在某件事上一直都有利於他，原原po', '老公就是認為老婆除夕一起回去才對，過往也都是這', '樣，一直都是順老公的意願，他當然是既得利益者。', '有人就擴大解釋「只要老婆回婆家吃飯」就算既得利益', '者，還要順便說自己多心胸寬大，別人多小心眼。重點', '在尊重他人意願，願意回婆家吃飯不代表是舊女性，', '不願意回婆家吃飯也不一定是新女性，用傳統習俗勒', '索別人就範就是原原po不爽的地方。', '回家回家吃飯，但沒講老公有沒有每年陪老婆回家吃飯', '。只講陪老公回家吃飯，所以老公就是既得利益者，但', '漏講了老公有沒有陪回娘家。就變成了自助餐', '是再教育成功的結果了XDDDD', '女生孝順是天經地義的優點，剩下的別說了', '婆家嗎 到底關婆媳什麼事', '老公要除夕回家是父權，老婆要除夕回家是孝順', '自助餐吃到別人家人過世都忽略不計的程度', '看嗎', '去嗎', '原來我年夜飯和岳父母吃我也是既得利益者耶~不愧是', '媳婦版', '沙發馬鈴薯和吃飯時上桌以外家事完全不做', '既得利益者', '點半場跟八點半場吃，還需要永遠都不想去嗎', '庭是不是大家一起耍廢然後請傭人啊', '分上下半場還是有媳婦到婆家就渾身不對勁的...', '講這話就太小看新時代女性了', '女生的感覺是很準的咩', '不是每個媳婦到婆家都要做牛做馬。我到婆家都是在等', '吃飯的根本不用煮', '要溝通', '懂讓步在哪', '夜飯，雀食要感謝婆家恩賜，真的好願意讓步溝通', '似的乖媳婦 整個快窒息。心態上 自己不要困住自己', ' 就海闊天空了。', '說過年是女人為難女人的 沒看過78公公吧', '要是有女兒結婚了也不能在除夕初一回娘家否則可能', '被離婚', 'to hp8182有些婆婆不喜歡人家幫忙，廚房容不下第二', '個女人，我媽煮飯都不喜歡我礙手礙腳了', '推文中的既得利益者完美示範為什麼不能能期待你們', '替別人想，只有幾小時而已？那這幾小時之後都改去娘', '家可    可以？', '這篇還可以罵罵號的台男，拜託，別結婚', '畢竟兩人相愛才結婚，互相為對方多想一些感情更好', '三步']"
"
[公告] 違規發言判決
",https://www.ptt.cc//bbs/marriage/M.1670900946.A.974.html,[]
"
Re: [閒聊] 過年不去婆家會不禮貌嗎
",https://www.ptt.cc//bbs/marriage/M.1670904973.A.25E.html,"['外還多了自家主辦邀誰來的選項 & 輪到誰主辦 & 去不', '去參加的戰場', '夕初二這樣的約定俗成讓兄弟姐妹結婚後只能分男生', '組女生組？', '家很遠不常回，公婆都提早吃年夜飯讓我這個外鄉媳', '婦早點回去過除夕', '我完全不介意過年在婆家住好住滿，但我很介意既得利', '益者老是叫人家不要計較這點小事', '規則/框架 對某些左派到極端腦的人來說 這些就東西', '就是罪惡的根源...但其實這版的媳婦還沒到這程度 她', '們只是想挑戰這些""制約""而已...回正題 婚姻的事終究', '必須回到最源頭-雙方的感情/互動來看 在那爭什麼新', '不新時代都是標準被洗腦洗壞的問題..重點是想要什麼', '然後如何達成...懂的人明顯會累積越過越好(相對) 不', '懂的人要嘛只能呆同溫層泡溫泉 要嘛就是現實越來越', '難過...', '我自己是願意尊重婆婆和老公希望除夕去他家吃一餐啦', '但是也不懂有些人不能、不想固定除夕一定要去吃那一', '餐有什麼好氣的，有些人真的超氣', '夫妻一起出席可能對某些人來說比較正常，但至少今年', '原po已經說了她喪親，不想一起出席也沒那麼不正常吧', '如上面講的有兄弟姐妹不就永遠不能一起過年', '重點是選擇權吧，拉掉性別來看明明就很', '簡單：每年清明強制你去掃墓一天，有些', '人願意有些人就賭爛啊，然後某些願意的', '再來說「去一下又不會怎樣你很難搞耶」', '罵不想去的？不覺得很好笑嗎', '這種事本來就可以互相商量啊，我家去年就是我弟除夕', '前幾天先到弟媳家過年，我們再初二一起過，前年相反', '，這樣不是大家都可以團聚', '其實沒有同住的前提下，要離開自己的小家庭去另一個', '家庭團圓本來就不是必須的習俗', '初一團圓很熱鬧  初二只有出嫁女兒回來較冷清', '初二沒有年夜飯 沒有從小熟識的堂兄弟姊妹叔伯嬸嬸', '初二就跟平常六日回娘家看爸媽差不多....', '我出嫁之後就很難見到以前每年過年一起玩的兄弟姊妹', '約時間吃個飯或家族旅遊之類的', '很多事情 跟本不用過年或特定節日阿', '過年是大家都有長假的時候 平常不好約 嫁得遠也有差', '以前同學會也是約過年 因為過年大家都能放假 會回家', '的小孩就比較難 通常是有人結婚才會見 過年可能也', '不會', '嫁得近又簡單一點，嫁得遠又更難約', '很多人親戚是散在各處的，有些還做生意，只有過年是', '難得的長假比較容易聚啊', '國工作過年才回來一趟', '還有像我堂妹是排班的，除夕老闆才放她走 六日都難', '有些輪班的家人可能今年輪前三天去年輪後三天值班', '，如果要限定初幾只能在哪裡就少了很多彈性', '其實女生自己可能也是既得利益者 我阿嬤嬸嬸也回娘', '家我不就只能跟姑姑對看', '樓上說堂姊妹兄弟 如果回他們的外婆家過除夕 你也看', '不到 所以結論就是誰說話大聲', '就說了 婚前都是過初一 婚後變成過初二 你熟的', '都是初一那些人好嗎', '欸 阿嬤回娘家蠻厲害的欸', '我才說如果媽媽嬸嬸大嫂弟媳都回娘家 那出嫁女兒回', '娘家就沒意義了 重點在彈性 強制哪一方一定要哪天回', '家是很好笑', '男生根本婚前婚後都一樣 吃一樣的菜 跟一樣的朋友玩', '對啊 我初二回娘家也沒意義啊 因為我媽要回娘家', '面很熱鬧', '結果乾脆從除夕到初二都給男生過', '我阿公還在時我姐已結婚，初二都是在阿公家過啊', '阿公過世後才真的回娘家', '啊女生初一回娘家，堂兄弟老婆也要求初一回娘家，一', '樣看不到啊！', '為什麼要強求別人給你看 沒看到也不會怎樣', '如果很想看另外再約不就好了', '聚會可以強迫不想來的人來 什麼意思呢', '外國感覺就是比較公平', '重點就是要尊重不同選擇而已而非固守任何原則怎麼', '這麼難懂啊？', '？', '我媽媽的娘家就會先說好初幾聚餐，不能出席說一下', '就好啊', '我婆家為了這個事很煩惱，我婆婆和我先生、大小姑很', '想要大家能在年節有一天聚在一起，可是又想抓著兒子', '的除夕，我已經表明過我不可能除夕初二都在婆家過，', '如果除夕要在婆家那我初一初二就回娘家，不然除夕我', '先回娘家初二去婆家也可以，我娘家可以配合，她們喬', '了好幾年這樣也不好那樣也不好，不知道今年打算怎樣', '喔我婆婆自己還幫我介意說除夕女兒不能回娘家的傳統', '，我說我大小姑要一起來吃更好，我完全不介意，反倒', '是我婆婆自己放不開(這兩年有好一點，女兒回來她也', '就默許了)', '其實我原本以為我婆婆傳統，這幾年下來覺得也沒那', '麼不能撼動，有講有機會', '家一年娘家直接跳起來的，除夕就是要在男方家', '不容易有較長的假期 她也想要自己在家耍廢XDD 加上', '去婆家也只是吃一頓飯 其他時間都窩在自己家 很好橋', '全部人就只有我公公比較在意除夕這個問題 但第一年', '我們就是除夕在娘家吃飯 初一去婆家公公在唸 懶得吵', '之後除夕就給婆家 吃完飯後之後幾天我要去哪都行 這', '樣也不錯', '感恩節兩年見一次就好，從煮飯到洗碗是男女老少一起', '分擔，差很多', '結果還是感恩節比較好，每年大家只聚在一個地方，', '不會什麼初一見不到姊妹，初二見不到兄弟的', '還要別人去責怪自己家(爸媽)生不夠多女生？', '初二跟著媽媽回外公外婆家不是很正常嗎？', '我先生家之前過年都除夕到初四出遊 嫂嫂都得待著', '我第一年初二要走我婆婆都臭臉，說那麼早', '我就笑笑對啊 想媽媽了 就把老公帶走 這幾年我看', '婆家都很習慣我們要回婆家啦，就是再安排年前', '或年後多請幾天再出遊囉！每年過年喬時間滿累人的', '啊打錯是回娘家', '除夕不一樣，是最重要的日子，當然跟爸媽在一起，', '而且這晚吃最好', '(滿腦都是吃)', '上班，想多放幾天要跟同事協調自己請休假。其實蠻多', '還能自主行動的退休老人乾脆到子女家過節', '除夕回家跟家人團圓才是常識吧？感恩節 聖誕節跟過', '年都是家人團聚的日子 憑什麼規定女方除夕要去婆家', '推文邏輯無誤的都被原po跳過了呢，早有定見問個雕？', '個婆家娘家各自方便的日期，不就哥哥弟弟姐姐妹妹', '都能見？']"
"
Re: [閒聊] 過年不去婆家會不禮貌嗎
",https://www.ptt.cc//bbs/marriage/M.1670912309.A.569.html,[]
"
Re: [閒聊] 過年不去婆家會不禮貌嗎
",https://www.ptt.cc//bbs/marriage/M.1670913028.A.9BC.html,['三催四請= =']
"
Re: [閒聊] 過年不去婆家會不禮貌嗎
",https://www.ptt.cc//bbs/marriage/M.1670917584.A.B93.html,"['了，他也要想想妳為他做過什麼事，值不值呢.  要做', '夫妻就是互相的', '對方什麼了，就算自己變成對方覺得不值得的人也不是', '什麼大不了的事情，所以不用去想什麼反過來的事。']"
"
Re: [閒聊] 過年不去婆家會不禮貌嗎
",https://www.ptt.cc//bbs/marriage/M.1670921834.A.78B.html,"['空中，不能在意任何人的感受，尤其是老公及婆家人！', '！不然就會成為被束縛的可悲傳統人。', '如果午餐一地晚餐一地就能解決她們的期望就好了', '撇開距離上的困擾，春節還是得回婆家這個活地獄', '起出席??', '如果發現都無法溝通... 那結婚是不是沖昏頭了', '法溝通的', '是阿 那這時候就只有一方要退讓了 而對方能不能理解', '你的退讓 在其他地方給予更多的體貼呢 這很有趣', '婚姻版原則上還是先尊重女生嘛', '他只是淡淡的說：別搞那些有的沒的。但並不是他就', '不在意，他非常在意我初二回不回家。', '縛卻又堅持除夕要跟「自己的家人」一起過，不覺得矛', '盾？', '等我長大後，會覺得沒必要挑戰我爸的信仰，過年圖', '的就是一個開心。以上是我的狀況，不適用每個人。', '妻兩個想法不一致，那就回到兩個人之間來談，不要摻', '太多其他因素進去才不會失焦', '而不是去了解對方的標準跟對方標準背後的想法', '還可以反著用，大家都這樣，就是父權陋習', '大家蜜月都去歐洲，所以我要，除夕都回婆家，我不要', '壓、道德綁架、情緒勒索等等的', '除非兩人都知道舉正義大旗(EX:大家都...)是很弱智的', '行為..不然通常只要一方開始舉大旗時 那另一方只有', '兩個選擇 1.吃下去 2.衝突 溝通這種東西要雙方的思', '想都夠柔性才有用...只是說過的越互相的夫婦 通常對', '新時代女性VS傳統觀念之戰不會有太多""堅持""...', '只是=只能 打錯字= =', '老公說：你今年心情不好，想待你家就在你家，我家', '這邊我會處理', '老婆說：謝謝你，難得過年我也想跟你們一起吃飯，', '但也擔心自己心情提不起來，再幫我跟爸媽說一聲', '老公說：別擔心，你照顧好自己的心情比較重要', '劇本B:', '老公說：我們家習俗就這樣，我已經幫你爭取了，不', '去我為難會不禮貌', '老婆心想：你家那是什麼文化習俗，我才不想去，這', '次是有原因，但是以後一次都不想去，好嗎？', '結論：跟誰結婚都是自己選的，自己是怎樣的人也可', '以自己決定，婚姻背後雖然有家族，有些事要一起處', '理應付，但更重要的是夫妻兩個人是互相支持還是互', '相背離', '如果是真正講互相的婆家我會願意多常去']"
"
[閒聊] 夫妻無法同心
",https://www.ptt.cc//bbs/marriage/M.1670931094.A.E34.html,"['牌被回收業屌打，認真思考你們家要不要繼續做吧', '你希望老婆怎麼做？換她通勤上班還是乾脆不要上班', '跟你去鄉下？', '資訊太少抱怨太多', '小孩都9歲10歲了，需要支援什麼？', '想法，能不能先跟你老婆溝通一下她為什麼行為舉止這', '麼誇張，讓你很難過，以及她到底在想啥之類的…', '增加工廠量能還有載運貨物可以請員工', '女生工作有收入可以做自己，版上沒幾人會支持辭的', '們家做不來花錢請人啊！', '哪怕家裡薪水開兩倍，要碰到公婆都會出問題', '來回兩小時的通勤', '我想至少要換她通勤', '""那是你自己選的工作""', '夫妻啊', '瞪小眼!!??', '小工廠，老闆親送有人情味，比較不會被換供應商，', '生意眉角。', '這年頭沒有在讓女生委屈的，沒輒', '要女生搬家、要女生換工作、要女生接觸公婆，都是', '當你想把通勤2小時轉嫁給老婆時～你應該也不是很愛', '她了～平時是老婆照顧小孩的起居作息吃飯    比較多', '吧', '接就自己做+請人，還不用買房子討好，你們共事不怕', '每天被打罵嗎？', '耶 她這樣適合養小孩嗎', '點', '工仔 這樣叫營收還可以了啦', '時間貢獻在自己工廠比較有成長空間', '的通勤時間大幅增加。假如要安排老婆小孩轉學、換工', '作，兩個小孩要面臨轉學重新開始適應環境跟人際關係', '、老婆在工廠能不能勝任、不能勝任到話附近有沒有理', '想工作跟她換，要考量到確實不少，多溝通才能打破疑', '慮。', '無法同心就離婚啊', '答案！', '你說老婆自我中心，但其實你自己也是啊！', '老婆當初很反對你回去接工廠？所以把你的付出都當', '成是你虧欠她的？', '你覺得老婆工作死薪水沒發展，為啥不放棄？', '然後你通勤累，所以為什麼老婆不搬到鄉下？', '我是想至少小孩外出唸書後，應該要搬回去吧', '嗎？', '但對她來說，她有工作（說不定很喜歡）', '友出去喝酒過夜..」～》她自己出去玩 誰顧小孩？', '要放棄工作、搬到鄉下（代表少跟朋友聚會）', '通勤時間過長這個問題 當初沒考慮？', '你要老婆離開原本穩定工作去支援你這普通的工廠有沒', '有想過萬一你經營不起來呢？', '你說你還在靠父母，如果你真的經營的好大可請人，', '表示你們營收根本沒好到可以多支付薪水，那你老婆薪', '水哪裡來？通勤一小時在都市是很普通的事我覺得沒', '什麼好講的。', '那你小孩們預計幾歲出去唸書？', '一定會覺得為什麼！原po都沒有想到這些', '其實都是你單方面的想法與決定啊，人家老婆工作做得', '好好的，就因為你想接家業又不想通勤，老婆小孩就要', '遷就你換工作換學校搬家，拒絕也很正常啊', '小孩有想搬到鄉下嗎？ 如果沒有就是三票反對', '入才有辦法買房在太太名下，結果他用長通勤時間換', '來太太出遊過夜把他排除在外，而平常小孩臨時有什', '麼事也是他處理。簡而言之，他的努力都是給太太爽', '，所以不如至少通勤時間轉嫁給太太', '離', '太要面對 舉家搬離影響的是太太跟小孩要換工作學校', '你應該是覺得老婆“過太爽” 通勤這件事情不是突然', '發生的 接家業、買都市房之前都能想到通勤問題 你一', '定還有別的事情沒講', '連居住環境都要重新適應 房子是太太名下的情況下 不', '想搬離不想變動才是正常的吧', ' 還自由自在出去玩 哪裡委屈拉？', '如果你覺得太太種種行徑讓你非常不平衡 甚至會動手', '威脅離婚 溝通無效覺得想離婚也就算了 但把這些跟你', '要接家業 想換太太來2小時通勤 小孩也一起搬過來 覺', '沒必要讓自己這樣通勤，而且也能理解老婆為什麼不願', '意到你家工廠工作，吃力不討好，而且有可能一個人當', '三個人用', '臨時有事每一次都是你處理嗎？ 緊急狀況也是老婆處', '理吧', '1.為什麼一定是你要去接送小孩？2.他已經不想跟你', '住了怎麼可能要回鄉下。3.太快安太座了看起來安的', '毫無價值', '得這樣把事情全和在一起講 怕你講到後面全被你太太', '一條一條反駁掉你會更不平衡', '工廠小到只有三個人 送貨什麼的都是理由吧 說成長', '性不就多聘人 讓自己工作時間多點彈性', '通勤六年表示小孩3/4歲時就都是靠老婆處理了', '就搬回老家拼事業當假日夫妻啊', '要不要先說明你工作時間有多長 一週工作幾天 休幾', '天假日', '幾點出門 幾點回家 回家做那些事 花多少時間陪老婆', '和小孩', '可憐啊', '牙膏先擠出來', '感覺有些事沒講耶？', '對欸，老婆曾經私自把小孩帶回娘家躲一個多月', '如果孩子都不想回去 不如標題改成只有父母跟我同心', '和她好好討論，擴大戰場到未來(小孩到底還有幾年出', '去唸書？)要不要搬回工廠附近，實在有點模糊焦點。', '只想酸老婆吧 條件這麼好不如離婚把錢省下來再娶一', '個', '其實你們當假日夫妻 說不定你老婆也ok', '活', '那你當初幹嘛在都市買房？後悔的是你，做不到搬出去', '的也是你，現在自己通勤累了就可以全部說話不算話？', '養費又被剝層皮的準備。', '嗎?有這種問題的話還真不如離一離,不然拖越久你將來', '要分出去的就會越多喔', '你所謂的一手好牌都是建立在別人要犧牲她的生活配合', '你,對不想住鄉下的人來講誰會想去離都市要一小時', '成長', '的地方生活,這算什麼好牌工作', '那麼多理由，不就是你想回鄉下跟爸媽同住，小孩上', '幼稚園前老人說要退休拐你回去，然後現在還在管事', '情，那不就父母找個理由拐你回去早日同住而已，可', '惜你跟你爸媽的算盤老婆不接受，又不是笨蛋什麼意', '圖看不出來嗎', '如果差一小時這個工作就會變沒什麼發展空間', '那看來也沒多好啊', '市區。', '工作搞到要靠父母給靠老婆犧牲生活品質成就你', '你可以不要這麼廢嗎', '團體還是會洗成是男方的問題。', '你應該只想聽「你條件這麼好，趕快離一離娶嫩妹」之', '類的話吧，可惜這裡會對你房產流口水的都是些台男XD', '工廠無法請人嗎？賺得夠多就雇人幫忙，賺太少的話', '不要把老婆拖下水', '你也""給我一種自我中心的感覺""啊', '當然比較小啊。你現在只能守著家裡的工廠吧？你可以', '換工作到城市來嗎？', '因為你自己沒得選擇，只能要老婆配合你，這不是不', '能同心，是你想要老婆配合你的無法選擇而已。', '主，如果女方沒辦法配合，反正你賺的錢夠多，你的選', '擇也比較多', '完全沒考慮鄉下對小孩就學資源到底好不好，難道希', '望小孩出來薪水也只有3.4萬，要靠父母給工作？', '搬回鄉下姑且不論老婆要離職去你家幫忙還是維持原工', '工作，但小孩是要轉學還怎樣?? 你確定你有一手好牌?', '受不了給爸媽養卻不拒絕又生兩個', '是不是要把問題釐清一下，你老婆會動手打人晚上出去', '養，然後六七年前說要退休的兩老也沒真正退休，不', '就資源都還在爸媽手上，想回鄉下攜家名義孝親實際', '啃老沒那麼不堪，但是用這麼多理由包裝就不行', '喝酒這些不是一個好的配偶和父母，如果她不能改善我', '覺得離婚也不失為一個選項，讓她探視但不跟小孩同住', '，但這樣做你就更要考慮小孩的就學環境了吧', '至於公司營運你父母不能完全交棒給你，又因為你家庭', '因素就不能擴展產能，那你家事業是不是這麼穩定到老', '動手是家暴嗎', '那還不離婚是讓小孩被老婆打嗎', '婆可以也投入公司全家靠這個養也是要三思吧', '原po到底有沒有想清楚，老婆現在就不太顧小孩了，小', '孩外出唸書以後你要她跟你搬到鄉下每天通勤不然就是', '去你家工廠跟你爸媽大眼瞪小眼，你要確定欸.....', '這算哪門子的""鼓勵""老婆一起回來阿??', '老婆應該很OK', '哪裡一手好牌呀XD 是要老婆照你的意思吧哪來合作', '紅明顯  阿呆 離婚娶越南新娘', '多幾個孫子你爸媽搞不好更開心', '現在越來越多假日夫妻 考慮看看', '其力無法斷金', '鄉下再買一間，夫妻在工廠工作，是哪種工廠？對一', '般人來說危不危險？因為任何工廠對小孩來說都有危險', '，所以你爸媽還是要去鄉下新屋帶小孩，結果太太還是', '會跟你爸媽每天見面，太太如果要去工廠工作，你給他', '的工作時數和薪水有傳產好嗎？週末要工作嗎？你要', '太太通勤，小孩住哪？繼續住市區，小孩放學要去哪？', '搬到鄉下新屋，就變成上面的你爸媽要去帶小孩', '為什麼你都回去接家業了還叫給爸媽養', '小孩外出唸書是什麼時候？上大學？為什麼現在就拿出', '來講？還是你要為了夫妻一起在工廠工作，讓兩個小', '孩國高中都住校？「應該要搬回去吧」，是對還是小', '孩的你來說。一家四口的新家是在市區，太太想住市', '區，兩個小孩呢？', '夫妻無法同心(X) 老婆不聽我的(o)', '小孩才10歲，現在就考慮小孩外出讀書要搬回鄉下，也', '為了搬回鄉下跟太太爭執，莫非是打算小孩上國中要送', '去住校？', '你老婆已經在逃避你了 遲早離你越來越遠', '差不多離婚SOP走一半了..但還會跟你有性關係 這蠻意', '外的..通常到這程度 女方會鄙視你到不想靠近你', '傳慘就是傳慘，東西沒特色只好靠人情味', '滿滿中年危機的焦慮感…', '父母無法退休 鄉下工廠跟孩子教育衝突 自己的職涯規', '劃 確定問題該指向夫妻同心？', '夫妻同心這麼卍解 那怎麼 上一輩爸媽這麼同心 還擴', '廠悶聲發大財?', '人生不滿在所難免，爸媽老了想U浩也合理，但把焦慮', '感都推給另一半就不好看了', '漏字：夫妻同心這麼卍解 那怎麼 上一輩爸媽這麼同', '心 怎麼還*沒*擴廠悶聲發大財?', '嗎？', '先假日夫妻一兩年看看你省的時間能讓公司成長多少吧', '讓老婆小孩放棄現有工作和學習環境來賭你說的“可', '能”成功，這風險不會太大又沒效益嗎？', '真的有發展潛力的話可以請人啊 幹嘛一定要老婆回去', '幫忙', '她就不想去鄉下住 也不想去你家公司上班 去鄉下買', '房對她一點好處也沒有', '很多一起工作的夫妻都離婚得更快', '。名下有房只付水電晚餐，小孩有急事是一小時車程', '外的先生接，不用跟公婆住，正因為先生回去接工廠', '，太太才有名下房子和朋友喝酒玩樂的生活，原po的', '不平衡是可理解的', '不想住鄉下，不想跟公婆住太近。', '老婆現在過這麼爽，怎可能和你過勤勞的小工廠生活?', '你第一步就走錯了，老婆已經拿好拿滿', '由男方處理小孩急事可以理解耶，畢竟男方在自家上班', '，請假處理小孩應該會比太太容易一點。但是這種通', '勤距離，平日裡應該是太太照顧小孩的時間比較長', '你有想過嗎…一開始你就決定在家上班', '你覺得你老婆還會想嫁給你嗎', '只為了自己不想通勤，要老婆跟小孩三個人通勤一小', '時或重新適應新環境，自我中心的到底是誰啊', '你是結婚了才想回鄉下上班', '說真的…城市女性願意嫁到鄉下的', '對比鄉下女孩願意嫁到城市的', '比例差很多', '基本上已經是死結了', '噓點同 MayDayFebrua', '假日夫妻+1 其實也沒有誰錯 就是各自目前的生涯規', '劃考慮不同', '無病呻吟', '看標題先猜男的po文，看完果然是男的，打情勒牌', '姻諮商？', '老婆出遊跟朋友出去喝酒過夜幾次？ 臨時讓你接小孩', '幾次？ 都不回應感覺就是挑對自己有利的講 小孩根', '本不想回鄉下也不敢講 工廠勉強靠家裡兩老撐著不敢', '請人也不講 只拿自己付多少錢 你買在太太名下不也', '是你的財產 講的好像以後離婚一定給老婆', '老送貨？這個想法…女生聽到當然不敢恭維，很怕被', '拉回去當女傭…', '可以考慮當假日夫妻呀 不一定要全家一起搬回鄉下吧', '小孩的教育環境也要考慮進去', '持小家庭的完整是值得的', '了太太犧牲一個小時我覺得還好，但是要跟太太溝通如', '果增加產能她必須要cover小孩接送，畢竟你也是為了', '小家庭努力，好好溝通吧，祝一切順心行車平安', '一手好牌？', '問題一個就是老婆竟然會不想跟你住，而且愛玩型，你', '是蠻有可能被綠，或沒被綠的話是她還沒有看得上眼的', '人當小王，這兩性最直接的基礎就不穩了。', '第二個大問題就是家暴，最重要的兩個問題在那其實其', '他問題已經不重要，光是掛著這兩個問題你還要繼續下', '去就是種自欺欺人。', '其他部分你如果還想細究，只能說不要妄想你們夫妻一', '傳統小工廠的利潤就是靠請不起人很多自己做、增加工', '時等等讓利潤感覺還過得去，腦袋正常或沒有愛到卡慘', '當假日夫妻，小孩平日接送他就要全權負責', '那種愛你愛到死的愛到痴狂的，但顯然不是。', '雖然她的工作可能也不是什麼特別好的工作，但能力不', '怎樣的反而要努力死命待在那種比較穩的公司，發展性', '不用多好的，發展性好的也不一定要她呀，不同類型屬', '性的人找對公司很重要會比較好穩穩混得長久。', '他人眼中幸福又如何?婚姻中的苦外人是體會不出來的', '老婆回去工作不會增加收入（要等發零用錢）、如果', '只是單純搬過去需要工作長時間通勤+小孩學校需要變', '動重新適應。另外還要增加跟公婆的接觸。是我也不', '搬啊？你根本沒有誘因欸', '建，邀請她一起規劃設計，然後規劃賣掉市區自宅，或', '是租人，這個對人來說比較有吸引力，但請不要叫她辭', '職，繼續通勤上班她願意就好，孩子轉學到鄉下唸書，', '你父母當後援，或者跟你老婆一起上下班上學，你得表', '明你要拼事業無法一直抽時間去接送小孩，她既然沒有', '分擔到什麼家用，自己賺自己花，那請假接一下小孩也', '是合理，我身邊自己有事業的大多是另一半接送，畢竟', '接送是很零散的時間要送補習送安親中間穿插吃晚餐，', '兩個時間也許也都不一樣，你自己要提出來協調', '現在很多孩子上國中就自己上下課了，如果真的要接送', '其實也再五六年，這五六年說短不短說長不長，諮商三', '年如果還無法有共識甚至還動手的地步，要不要換個諮', '商師或者讓你老婆一起分擔家用，你就回市區繼續上班', '領三四萬薪水，換得小家庭和樂', '原文還好，但推文充滿了：憑什麼我就要被原生家庭', '綁架只有妳可以過這麼爽。所以把這些包裝成自己想', '要的來綁架老婆的生活。', '這年頭怎麼能讓老婆委屈呢？當然是老公要委屈啊', '你換工作前有和太太商量嗎？現在就是你接了一個外地', '的工作，希望全家陪你搬家', '不想去你家工作、太太外出喝酒、家暴、你對自己付出', '感到不平等…這些拆開來看會比較清楚一些，全部混在', '一起只會有兩種結論：忍或離婚', '沒說，說不定還得工作七天 有事隨時要做～你家工廠', '有那麼好，付薪水請人就好～還是老婆是免費人力', '起住才是問題吧？', '還好你老婆腦袋比你清楚', '離婚找別人啦', '老婆來做跟請人來做跟你公司發展沒有衝突', '我覺得你比較自我中心', '（職涯問題）是兩回事好嗎', '還是老婆回鄉上班，你們的婚姻問題就會消失？', '偶慢慢走成怨偶，而不是源頭沒解決就開始無限上綱', '其他問題', '給老婆什麼補償（錢或更大程度自由），然後老婆要感', '恩老公為了家庭付出時間跟金錢，不該把自己的錢都', '用在玩樂上，這才是好的婚姻關係，無法互相扶持的', '關係我還是勸離啦', '你得一手好牌真的看不出好在哪裡', '件佳，沒理由完全不想接觸', '你只想到你自己', '你通勤成本減少, 不就你老婆通勤成本增加嗎？', '不想你爸你媽開車載貨,那就請人啊; 如果請不了人,那', '不就等於你老婆去了只是當免錢勞工罷了？', '你自己先把工廠顧好吧，老老闆都還沒退休', '你這二代接手後會有什麼震盪都不知道', '貿然叫你老婆放棄原本工作跟你回家接工廠太冒險', '有什麼問題就兩人一起沒工作 你應該跟老婆多溝通吧', ' 這幾年老婆給我一種自我中心的感覺，自己出遊跟朋', '友出去喝酒過夜（我常被排除在外）」～》覺得 老婆', '一定很正的 不讓你一起去旅行 你吵也沒有用', '把男人餵飽很重要 完全吃的死死的', '諮商兩三年，靠方式解決吵架…', '諮商的錢真的白花了', '這例還不夠綠啦 = = 真的綠的會不想給男方碰的...', '也不會白花吧 沒花就早離了', '我覺得太太完全無法提出折衷方案完全否決的話不大ok', '現在他回家工作已經覺得被爸媽養了 還叫老婆一起 薪', '水多少？能付得出來嗎？還是又免簽勞工', '免錢', '你先釐清問題，想要解決的是什麼?不要通通混在一起', '懶得通勤?缺人手?要孝親?想三代同堂?這答案絕不是', '你老婆搬去你家住就能解決，你去哪諮詢的阿，諮詢師', '這麼弱，基本的問題都不會分析?', '沒有好牌吧', '你老婆就是個後悔結婚的狀態', '你怎麼樣也叫不醒裝睡的人', '還有，你只是個被請的員工，哪來的優越感啊?還幸福', '無憂無慮咧，你老婆明明就滿滿的焦慮', '看樓上 對 所以老婆千萬不可以跟你回婆家上班', '你只是想要你老婆成為工廠的免費人力而已吧', '是需要人力照顧，就找個信賴的到府姐姐或阿姨幫忙。', '很多有錢的中小企業主都是這樣的', '你不會多請個員工嗎？？？？？？？？', '你通勤上班，平日小孩上下學誰接送？', '那你就離婚啊，這樣就不用通勤了，找下一個願意跟你', '住鄉下公婆兼上司同住的女人一定超easy啦', '哪裡一手好牌啊', '你爸媽年紀大不能載貨就聘一個員工來幫忙啊，這還要', '人教??講白你就是想要免錢勞力不是嗎= =', '你要老婆犧牲，那為什麼不是你犧牲，說真的一個小', '時也還好', '理吧，你真的缺人手再請一個員工不就好了', '不太懂你要什麼？你逼老婆住鄉下 做她不喜歡的工作', '或是通勤1小時以上 她就會體諒你的工作辛苦嗎？XD', '其實就是你提出了只考量自己的要求，你太太拒絕', '只能得到離婚XD這樣搬回家也算是解決通勤問題啦', '不要用同心這兩個字來美化你的自私', '勵控制你勞動？', '那就先分居吧', '不幫你家工廠就不同心嗎？', '你應該把重點放在婚姻關係上', '寧願出去喝酒也不跟你出門嗎？ 這不是很明顯有問題', '了', '自己問題自己知道  不是上來只講對方不是', '直接放棄父母不用通勤不就解決了？還更輕鬆..', '超廢', '對你太太來說也是夫妻無法同心吧', ' 你自己搬回鄉下當假日爸爸不就好了', '老婆跟朋友喝酒過夜？你真大方 大概也綠了', '堅持是對的', '父母自己的人生自己負責，不要拖子女的人生下水', '重點是回去「幫忙」吧', '活成這種孬樣值得嗎?貧賤夫妻百事哀 叫你老婆離婚去', '過自己生活看看 沒能力賺錢還有臉拖累你的發展', '啊', '老婆有個好工作為何要跟你回去失業', '感覺綠綠的', '被你抓到吧', '呵呵', '已經找到新ㄐㄐ囉', '不想離，可以請老婆分攤一部分家用，也許你心裡比', '較平衡（？）', '又，你一直看到工廠的好，但那個好老婆是看不到的（', '或者說，裡面也夾雜很多缺點），要老婆同心，但你也', '沒有同理她的狀態呀', '自己小孩的媽媽 才有考慮婚姻還要不要繼續下去的問', '題。而且人真的不要那麼犯x 什麼事都在檢討自己討好', '對方，心靈雞湯是給智商低的人在喝的 不要當個傻x', '不順意就是不能同心？要跟公婆住很近耶', '通常事情會很多耶.我是覺得可以當假日夫妻，不用老', '婆跟你跑去鄉下，保留老婆另外的工作，畢竟工廠未', '來怎樣也難講，工廠幫忙的利潤跟外頭工作的薪資差額', '就當買保險.但是我說的是夫妻一心的狀況，你文章感', '覺老婆不太體諒你，像小朋友接送就近的去就好，平常', '自己玩排除你感覺真的很怪，真的分開住不知道會不會', '綠綠的', '原本薪水很低 自家的事業感覺工時長但沒賺很多 有種', '去上班cp值還比較高的感覺', '缺人手是捨不得請 還是請了不划算 如果是不划算好像', '可以考慮營收沒爆發就別做了收起來', '看不出一手好牌在哪', '名字登記太太的房貸繳清沒 一直強調太太沒出什麼家', '用 可是還要水電晚餐（平日本來就沒人在家吃中餐吧', '）', '覺得為了小孩為了家庭犧牲自己的職涯，雖然在外面也', '不是多了不起的工作，但坦白說回去幫忙犧牲掉的自', '我太多了', '工作真心建議分開 很容易吵架 請人就好', '兩個人公司不在一處，那就是以小孩主要接送（照顧', '）的人為主，另一個就認份點通勤吧。比較大的問題', '是她忽然想要自由且不想跟你住，怎麼看都怪怪的', '你這題是把一堆問題混在一塊兒大鍋炒', '過太爽了哈', '是他成就感的來源啊，若只是幫忙你家裡，勢必要跟', '你爸媽相處，老一輩看媳婦什麼臉色誰不知道', '連做菜幫忙工作都看成里所當然，鄉下休閒又少，只', '能說她也有他想要的人生模式，你自己在月薪還3、4', '萬就結婚，後面的苦你承擔也只好認了吧', '你的一手好牌就是太太小孩都要配合你', '太太回去幫忙有預計要給他多少薪水，如果沒多很多，', '會自家工廠只會工時變長而已', '既然送貨只能老闆自己來，那就請個年輕漂亮妹子做', '內勤，平日住父母家，週末再回小家庭。老婆不放心', '的話歡迎天天通勤來公司監視。', '搬去鄉下幫你事業 你們想的東西真的差很多', '全是一個吸血蟲欸', '趕快跑吧', '媽當董事長就好了。', '想省錢 又說自己經濟很好 ，要考量一下。', '贊成 老爸退而不休的接班壓力不該讓老婆ㄧ起承擔 在', '外工作真的比較自由', '安太座沒啥用..我房買自己名下老婆也沒生氣，生活', 'ㄧ樣美滿', '老婆一個人好了，搞不好很快就發現綠綠的了', '分', '只看到一個魯蛇想凹老婆當免費人力凹老婆小孩搬去鄉', '下，小孩教育資源老婆工作他都不在乎', '你要不要去買外配比較符合你的需求', '收一收吧。', '離婚搬回工廠 小孩兩老幫忙 專心找人發展工廠事業', '當斷不斷，必受其害', '你哪來一手好牌的錯覺？', '看到一個普信男+巨嬰的合體，普公嬰', '你好弱，我前公司主管每天新竹新北通勤都沒在叫了，', '你叫什麼？前同事每週新北台中通勤，你在叫什麼？有', 'guts 一點自己搬回家當巨嬰受爸媽照顧，不要一直怪', '東怪西怪老婆。', '@evaqfuy']"
"
Re: [閒聊] 夫妻無法同心
",https://www.ptt.cc//bbs/marriage/M.1670931329.A.798.html,"['本', '你省下通勤成本，只是轉嫁給老婆而已', '原原po同心的定義是要順著他的想法做法才叫同心', '自己不想通勤叫老婆通勤，哪門子同心…', '你省下的通勤成本只是轉嫁老婆和小孩而而已，一個人', '通勤好還是三個人通勤好', '小孩也可轉學或是等出去唸書再搬家', '回家幫忙。', '我這算滑坡嗎？', '太太和小孩，要不要試著溝通每週你留老家幾日也減', '輕你的疲勞程度呢', '犧牲配合你,她也有自己的工作啊', '6.7年前說要退休現在還在管事，一個就想回家裡跟爸', '媽同住還在掰有一手好牌老婆不珍惜，但是薪水多少', '都不敢講，三個人打的如意算盤不就是回鄉下同住？', '活圈的變化適應呢？難怪講到要搬回去鄉下老婆就不', '高興，這樣只有你高興吧', '成長？是經營之神？', '說要退休結果還在管事的爸媽，應該也是囉嗦型凡事', '都要干涉的那種…', '原po的想法很奇妙，我看就維持現狀架照吵砲照打，等', '小孩出去唸書以後正式做假日夫妻了吧，你老婆搞不好', '還更開心，說是同心結果你想要的方向對老婆完全沒任', '何吸引力的話她怎麼會想要配合??', '假日夫妻其實也不錯，只是孩子和你會比較不親而已吧', '看到原po（一樓）回覆我差點嗆到', '感覺他老婆早就想跟他離婚了吧', '紅明顯，smoothapple，你，還是沒有回答loser1的問', '題！！ 重點是，你顧不顧的起另外一個人來做事', '他夫妻薪水加起來不到10萬可以買兩棟，家裡應該不', '會太差，不管是考慮長輩年紀大還是不想浪費加工廠', '資源，應該自己跟太太溝通清楚，分開工作真的有那', '麼罕見嗎', '他不會回啦 只會跳針要搬去鄉下住 沒人在意他住哪', '裡吧', '的。給小孩的陪伴重質不重量啦', '接受。偏偏他老婆直接新女性，寧願離婚也不搬，他又', '不敢離婚+自己扛顧孩子的責任，只能上來PO文哭哭', '我明天有空再回吧', '陪小孩，是先有量再有質，沒有啥「重質不重要」', '你一天陪個30分鐘，講啥「質」都是放屁', '                               「重質不重量」', '顧小孩的前題，就是花時間；時間是最貴的！', '專心搬回鄉下打拼，營業額也只是維持原狀而已，能力', '不夠增加，然後父母只是需要有人幫忙，才不是想要小', '孩更多更好的發展，我回家做家業也是這樣，十年薪', '水只加三千塊，長輩才捨不得放手咧', '平衡，回來臭臉杵在那裡，只是找麻煩啦，不要回來', '親子關係搞不好比較好，分隔兩地連線打個電動搞不好', '跟小孩還比較有話聊。', '好了啦 你以為文中台女會是什麼高薪工作喔', '在夫家家族傳產小公司上班也能算好牌 笑死', '的，說交辦說的很好聽，什麼都還是要照他們的意思做', '，女方不想回去一起工作很正常。', '無法互相扶持（o)', '先生同事台中新竹通勤17年，家庭和樂婚姻美滿，供', '參', '質，自然根本不需要討論。任何的陪伴都是先以基礎品', '質為前題，然後要有量才可能。簡單來說，60分的品質', '陪2小時，遠遠大於你100分品質的20分鐘。顧小孩，', '先要有時間陪他才有效應。', '拿那種 -100分的品質來討論，是沒有意義的', '分隔兩地打電動算陪伴……笑，幾歲的小孩啊', '不是第一次看到捨得老婆通勤的人，但是捨得小孩通勤', '兩小時的人真的奇葩w', '推你', '剩下通勤時間小工廠真的會成長那父母那代早就該達', '成了', '以喝酒了、他可以自己搬回家了、房子也可以分到', '說真的，傳產工廠的產值絕對比一般白領高太多了，', '見識淺薄就不用出來丟人現眼了', '原原ok就說了，原本在外面工作薪水3-4萬，回家工作', '才能買房兼包部分生活費教育費，這差遠了好嘛…我也', '有親戚開小工廠，夫妻倆回去接班就直接買房了（跟老', '爸談薪水凹頗高），也看過另一個親戚的朋友工廠，幾', '台設備跟幾員工，人家蓋2個別墅給小孩各一棟', '是溜車,而不算通勤', '小孩小學，等出去唸書是什麼時候', '小孩可以轉學？這什麼隨便的態度', '水，工時變長薪水沒加還要搬到鄉下，誰會想要去']"
"
Re: [閒聊] 過年不去婆家會不禮貌嗎
",https://www.ptt.cc//bbs/marriage/M.1670931619.A.AD1.html,[]
"
Re: [閒聊] 過年不去婆家會不禮貌嗎
",https://www.ptt.cc//bbs/marriage/M.1670931950.A.BF7.html,"['間', '非得要我跟才要去，不然就是要跟我在家。小孩兩歲', '被爸爸硬帶去，爸爸說明明在那邊很開心，但小孩對', '於要跟爸爸去阿嬤家口頭上會排斥。', '想辦法增加誘因囉，我女兒自從發現每次去阿媽家都可', '以跟阿媽去洗頭再綁的美美的，現在都很願意去 XDDD', '不如結婚當天宣布兩家人斷絕關係老死不相往來', '這才是正解']"
"
[公告] 過年不回婆家…已達系列文 禁回
",https://www.ptt.cc//bbs/marriage/M.1670940887.A.B1B.html,['手機發文 標題怪怪的 晚點修正']
"
Re: [閒聊] 過年不去婆家會不禮貌嗎
",https://www.ptt.cc//bbs/marriage/M.1670956087.A.CF1.html,"['除夕在婆家就叫吃虧？在娘家就叫不吃虧？你是不是被', '傳統觀念綁死了？', '然後禁回了，是沒看到還是看不懂？是被傳統觀念綁', '死的文盲嗎？', '樓上沒看懂原po老婆家三個千金嗎？', '硬生生拆散三姐妹和父母全都在的日子', '有guts就是過完年再回婆家就好', '去,覺得夫妻為什麼要一起出席,這你又怎麼看呢??', '而且你這樣的提議,如果就三姐妹團聚的方向,未必有比', '較好啊! 如果其他兩家很傳統,除夕回娘家產生困擾呢?', '如果維持在初二,不是一樣可以三姐妹一起團聚嗎?', '那你們夫妻除夕應該分開過啊，為什麼結了婚，就要把', '人生壓給你岳家呢？', '想了想,你這個方案,如果太太家是一男一女或兩男一女', '可行性是比較有的。', '每年輪流不就好了，兩邊講好就好惹R', '台女群起帶入自身狀況，然後說台男是既得利益者', '離婚啊怎麼不離', '你們家怎麼看待同樣孝順的老公', '這文的做法不是問題 但男方心態問題大了...呵呵', '某傳統台男原本還堅持吃一頓飯有什麼難的，離婚。', '被說既得利益者不認，各自回家吃是讓你虧到了什麼', '看得眼睛好痛，在展現男人氣魄前，先去學好敘事啦', '已經禁回了', '都禁回了是看不懂嗎？', '文章滿滿的傳統觀念', '雖然這篇回得太晚不過的確就是原po想知道的例子，就', '是彈性，而不是硬要其他人花時間配合自己的儀式感', '男人有氣魄一點欸洪幹就有擔當一點，誰說男就要氣魄', '大概是想跟家裡的姐妹一起過節才會選初二對吧', '奇怪了.一邊反傳統觀念.一邊又要男生有氣魄？而且', '氣魄跟傳統定義法也很怪.什麼時後氣魄是基於性交上', '？自己喜歡能接受的就戴高帽（有氣魄）.不喜歡討厭', '的就扣帽子（傳統觀念綁死的媽寶）.神也是你鬼也是', '你.', '高鐵去下一家，兩家都顧到。']"
"
[公告] 多重帳號查詢 cigxm/andon
",https://www.ptt.cc//bbs/marriage/M.1670979638.A.793.html,"['爽', '還去解釋說什麼同住家人勒...這麼奇葩+噁心的人還', '有第二個真是禍害遺千年', '讚啊', '他真的超煩，廢得要死', '板主辛苦了', '三次就不能再進來了嗎？太棒了', '這id時空背景常常沒抓好', '希望快點過！']"
"
Re: [閒聊] 夫妻無法同心
",https://www.ptt.cc//bbs/marriage/M.1670984619.A.CF8.html,"[' 你哪裡來的想法 原PO公司能開得出150W的特助', '這是什麼等級酸啦', '宜員工，剛好就他老婆', '利潤高不高不是重點 在女方的角度來看 反正男方賺的', '$$$ 本來就能享用 那又何必多此一舉搬去鄉下? 相對', '有利無利去看事情會簡單非常多', '呆在都市當假日夫妻原本生活馬照跑舞跳 搬去鄉下至', '少是跨出自己的舒適圈..那利益點呢? 沒好處""沒壞處""', '何必去? 呵呵', '老婆不想去鄉下不是因為錢好嗎 是她對這個家庭沒有', '向心力，不想去', '給這種會出去花天酒地的老婆高薪，不會沒2天就帶一', '堆小狼狗住進家裡？', '小加工廠傳產/養殖畜牧/農業做到能接班的，利潤都不', '低好嘛，至少絕對比一般人高很多，岳父在做小加工，', '朋友也是一堆小加工老闆，有幸去參觀過幾間廠房一般', '般，卻是一堆隱形富豪。也有朋友回去接養雞場，老爸', '贊助買車跑去買Lexus 休旅車，事後被老爸唸怎麼不買', 'Porsche休旅。問題就在原原po老婆只想玩樂不想工作', '，連薪水都能月光了耶，哪個有家庭小孩的夫婦會這樣', '玩？', '原原po沒說過要給太太多少薪水']"
"
Re: [閒聊] 夫妻無法同心
",https://www.ptt.cc//bbs/marriage/M.1670987929.A.415.html,"['推分析', '沒有家人就是要請人不然就關門，無誤。]', '老婆有工作至少工廠倒閉不會全家去上吊。', '你要想想也有一人貿易公司喔！還做的很大喔！', '連請個人力的錢都沒有，這工廠也沒什麼錢景，餓不死', '而已，餓不死又想拉老婆回來死撐?拖著全家一起死', '可能是要請好幾個，譬如你不可能請個司機兼會計，但', '送貨算帳老闆自己來還能cover，也許這2樣工作只花掉', '半個工作天，請人就是要付2個人全日的薪水', '這間工廠的利潤，單純只是父母+他三人的勞力換來的', '只是想請免費人力做雜事卻用新創公司元老員工有多', '少股份的白日夢來畫餅？這邏輯也只有剛出社會的小', '社畜敢信。原原Po換個18歲失學少女或夢想是在家相', '夫教子信奉出嫁即夫家人的阿姨當太太搞不好比較可', '行。', '有很多人在大企業上班，所以不能了解小工廠公司運', '作，舉例才剛起步做個小網拍會請會計、包裝、出貨', '人員嗎？現在請了光付薪資就不用玩了，可是做起來', '了，誰還想老闆全包那麼累也做不來', '再看看YTR也是一樣，誰一開始請一堆人，這個觀念並', '沒有很難理解，也不用這樣去看不起人家的工廠', '現在的工作也是他的方案之一吧？', '規模小不一定不賺錢，就像這篇說的，只要比外面上班', '好，那在自家工廠工作也是不錯的選擇，至少在外面上', '班不一定能隨時請假應付小孩突發狀況', '他不可能讓工廠收起來啦，他就覺得自己一手好牌，不', '看過很多二代，真的把傳產變得跟上一代不一樣，但', '需要時間看成果，當然也有變不好，要看二代的特質', '，有的二代也是淨身出戶，完全走自己想走的路，不', '拿家裡一毛錢', '會蓋牌的，而且照原文看來他去外面找工作薪水也不會', '數跟薪資低於全職，某些有二度就業或只是想要兼職貼', '補家用需求的人士說不定願意。', '當然這都很細項，只是提供個思考方向。', '比較好', '配偶不要一起在工廠上班比較好喔', '只叫二代照著做，而且也看不出來原原po有沒有想要突', '破還是只想拐老婆回家一起當廉價人力。', '連請個基本薪資來打雜的人力都出不起?真的別鬧了', '這風中蟾蜍的公司收一收吧，還想做大咧', '他父母弄一輩子，他也做了六年，能大早就大了', '沒錯，你小工廠花三萬請人，你自己就直接少三萬收入', '年收兩百萬直接少兩成，這壓力可不小', '所以小工廠請不起人，那叫老婆回去做不用付薪水嗎?', '還是老婆天生神力一人能抵兩人用，但只領一份薪?', '給份實質薪水，或許有機會如你所願', '還要跟上司同住，這就無解啊', '婆同住?', '""來回兩小時的通勤，我想至少要換她通勤""這是推文裡', '的，所以可以不跟公婆同住也可以維持現有工作', '這就是經營工廠跟在外面公司上班的差別，工廠省下', '來會計+司機3+4=7萬，不管是老闆自己做還是請員工', '兼職，一年84萬省下來就是老闆的，84萬存下來再拿', '來買機台設備擴大產能或是盈餘分配拿回家用。在外', '面工作，你幫忙開車記帳，只要不超過工時，你的薪', '水不變。', '所以要不要請人，老闆跟員工的想法不一樣，但就算', '大公司已經幾百幾千員工，也不會沒有工作量，還硬', '要開缺養冗員的', '妳叫人家犧牲住鄉下或花時間通勤,薪水開出來啊', '工作就是公事公辦,沒錢我幹嘛去鄉下或長時間通勤', '名說他要太太免費人力+跟公婆同住', '以原po的角度是他已經讓利讓到不能再讓了，現在太太', '只要出水電+晚餐，太太家暴+在外喝酒過夜，他不想再', '這例子其實講白了就是死結 當然還有很多小地方可以', '被吃死死，結果一堆人叫他再讓更多利出來', '施力 但這前提是這男人懂這套..但可惜原PO很明顯不', '太懂這些事..抱著""男人的浪漫主義""一心期待老婆有心', '回去接家業就近照顧父母,都只對自己有好處而已啊', '太太有因為他回鄉下得到什麼好處嗎', '他沒回鄉哪來的買房在太太名下太太不用分擔房貸？', '來打拼""他家事業"" XD...現實是殘酷的 你什麼都可以', '他沒回鄉以他原來的薪水,太太可以家用只出水電+晚餐', '嗎?', '不懂 但不可以不理解現實...(攤手)', '作吧, 不然怎麼會說讓老婆通勤2小時 (若是老婆一起', '在工廠工作就沒有人需要通勤了)', '不知道為什麼一堆人覺得他想拐老婆去工廠', '一般都會建議不要隨便進另一半的家族企業 因為很容', '用的是偶爾,所以提不只一次了', '他太太應該還是主要負責小孩接送，急事或下雨才讓他', '接小孩，真的要拼事業的話，倒是可以協調加班時數，', '晚一點回家，對大家影響比較小。如果希望太太辭掉工', '作跟他經營小工廠，那至少要拿出優於現在條件的薪', '資，不然那些美好都是畫大餅而已，而且還把雞蛋放在', '同一個籃子', '易就變成免費勞工  但如果在外面工作沒有比較好 回', '但所謂鼓勵如果只在口頭沒有實質益處，如何讓太太同', '意？最終也只能糖果鞭子俱下？', '以及小孩教育問題，鄉下教育資源終歸比較少，要讓小', '孩都轉換環境、增加通勤時間也滿奇怪的，應該都是要', '著重考量的點。', '代表那個薪水根本就很可笑老婆完全看不上眼', '如果只想用什麼比較有發展性去騙人大家又不是剛出', '社會會被這種大餅騙', '大概希望不大退而求其次的是回鄉下住換太太通勤', '要求老婆一起做，做起來之後老婆過上好日子的，目', '前沒有聽過。只聽過兩個下場：第一種，做起來之後', '兩個人都更忙更累壓力更大、公私綁一起又拆不開很', '難離婚分居、最後貌合神離。第二種：把老婆當免費', '或低薪打雜仔，沒薪水或給超少，分紅也沒老婆的份', '，凡事叫老婆不要計較，做起來錢多了之後男的自我', '膨脹看不起糟糠妻了，開始養小三，逼老婆離婚', '退而求其次的要求換成太太通勤，目的其實也是為了', '讓太太之難而退，希望太太因為通勤時間長而辭職回去', '跟他經營小工廠', '其實以原po老婆對工廠和公婆的排斥感，真的不適合', '回去一起工作或幫忙，不然會變成老婆抱怨工作，公', '婆還要防媳婦吞產，然後更交惡，這種事情真的不少', '見', '已經不合的人不要硬放在一起比較好', '性不要找這種對象。 不管是年收兩百還是兩千，只要', '是家庭傳產生活模式都差不多', '無法有一間老公買單登記在自己名下的房子，也無法活', '得這麼做自己了吧，如果真的不拿搞不好她也是有意見', '，我要是原原po就請一個秘書、助理，專門處理自己的', '雜事（文書、突發接送小孩、跑銀行、接洽客戶），反', '正她不做就給別人做，這樣三萬很划算，如果請女生搞', '不好時間一久老婆就會想自己來填這個缺了', '很棒啊，3萬可以解決，又何必要太太辭職與搬家呢？', '不得不說很多傳產老闆娘，都是很能幹的秘書會計做', '起（老闆單身時，幫忙公司大小事，後來就結婚升格', '老闆娘），上面的建議對原po可能不錯但是對老婆很', '有威脅性，畢竟原po已婚', '還是那句話，連打雜人力都出不起，真的收一收吧', '除非請已婚歐巴桑', '到這些資產', '增加人力而無法增加利潤，那增加人力幹嘛?叫老婆回', '家幹嘛?', '所以你叫老婆回家你到底想給人多少薪水', '接家業不是看薪水，是看公司的資產', '自己下來做就夠了，那也就不需要凹其他免費人力了吧', '先生已經接家業了，太太要不要跳下去當然是看薪資', '啊與公司盈餘成長的可能性啊', '看原po描述夫妻雙方在都市工作薪水不算高', '朋友家是二代媳婦每週當會計上兩天班，月薪三萬，', '外人看是很爽沒做幾天就有三萬，但這樣媳婦無法去', '外面找全職工作，也不是完全自由能運用時間，長輩', '也沒有規劃接棒，也怕不在家幫忙又怕更沒機會接...', '他也是選擇少雇一個人然後自己做到半夜。', '找自己人是心理上平衡，至少薪水不是白白送外人', '同樣四萬找人，外人沒用滿你會覺得很虧', '但版上流行把公婆想得更加險惡，這想法不能套用', '就算平均周休四天，女孩兒還是覺得被公婆控制不自由', '的。', '至少看親戚家裡開工廠，也是家族成員都下去做的那種', '家庭，連過年都看得到老闆(長輩)在飯桌上突然要員工', '(晚輩)記得去處理什麼什麼公事。', '對，不管有沒有發生，你無法保證這種事的發生率是零', '公司主管打電話也很討厭，但公婆來的話是絕對不行', '不會改變現況', '反正要享受傳產家庭的紅利（未來有地 眼前有房產）', '就要付出相對代價', '想要什麼獨立自主小家庭的女性真的不要嫁二代', 'XD', '可能離婚的老婆放棄', '問題在老婆只想享樂不想離開都市，也沒什麼責任感，', '玩樂到連自己的薪水都不夠用，太扯了。我有親戚小孩', '回去接班小加工廠，狀況跟原原po類似，夫妻倆也是住', '都市然後到工廠車程一小時左右，兩個人一般開2台車', '，要顧/接小孩就由一方去，互相cover。這個狀況大概', '只能離婚，再找個想法類似想一起拼的女生', '孩一人一個剛好', '婆的人，這狀況真的支持原原po把先公司顧好', '推分析，多個員工產生的成效與開銷，對小企業至關重', '要', '應徵一個正妹職員不好嗎？以後房子記得買爸媽名字，', '免得被偷變賣了。', '推', '能過的很好 原原po絕對不要放掉工廠', '面領薪水這輩子就是這樣沒前途，但回家接家業還能', '拼一拼，說穿了他老婆就是不夠愛而已，有哪一個在意', '先生的太太會跟異性在外面喝酒玩一整夜不回家的', '這種情況要說是先生不夠愛老婆，才導致老婆不愛老公', '年，現在全心全意在工廠上（互相包容體諒），賺得', '比不會唸書跑出去工作多非常多...，但雙方要有共識', '啦～小工廠隨時on call啊', '建議原po不要放棄工廠，你薪資很少，未來也沒發展', '性，想吃土嗎', '不接的話兩個房貸不知道繳不繳得出來', '在鄉下不跟公婆同住也不會離太遠吧，如果夫妻在小', '孩放學時都在忙，公婆勢必要去鄉下新家顧小孩，加上', '公婆還沒退休，這樣每天上班在工廠見公婆，下班還要', '在新家見公婆', '而且太太娘家在哪，如果鄉下離娘家更遠，太太也更', '不想去', '原原po有說太太薪水除了晚餐和水電都玩到光喔？', '他一開始就該接家業，在家鄉結婚，一切才上軌道，現', '在從外面回來拖家帶子要大家一起承擔成本，就是家', '離子散的開始而已。家裡亂哄哄，小孩離開居住地迎', '接青春期，等他做起來給大家好生活？', '有工廠不接，去當上班族然後養老婆的小王？', '多時候都老闆或是老闆娘兼著做，有一天業務量成長到', '一定程度才會開缺', '這篇比較貼近小工廠  小工廠講的是情跟人脈，二代', '可能還想也能拓一些客源，缺點是生活被綁住，弄專', '管分紅制都有被吞妄想症，但事實上也是這樣，有貨', '源無腦穩定客戶訴求大多這樣，就想像是資訊不透明', '的機制，不透明是基於信任(專注本業X省麻煩有貨就', '好O)', '高就是一個機會，這年頭要從零創業及不靠父母買房', ' 基本都是很難的事']"
"
Re: [閒聊] 夫妻無法同心
",https://www.ptt.cc//bbs/marriage/M.1670989233.A.DCB.html,"[' 只好打老公出氣', '哪裡有寫老婆是跟男性喝酒? 孩子大了跟女生朋友出遊', '去吃宵夜喝個酒不行嗎? 原PO應該在家陪孩子吧', '喔看到了 這真的不行啦 重點完全放錯了']"
